PCE,VOC,JSC,FF
5.19,687.0,10.79,0.7
5.0,651.0,10.3,0.75
5.1,693.0,10.0,0.75
4.8,740.0,8.0,0.77
6.0,678.0,13.2,0.67
6.2,695.0,12.2,0.74
5.5,800.0,9.0,0.76
1.39,560.0,3.41,0.73
3.62,660.0,7.72,0.71
1.77,600.0,4.03,0.73
2.8,690.0,5.79,0.7
1.41,580.0,3.33,0.73
2.6,660.0,5.63,0.7
1.1,380.0,4.5,0.63
2.6,490.0,7.5,0.7
3.7,480.0,12.8,0.6
3.5,470.0,15.1,0.5
5.2,550.0,15.2,0.62
4.7,530.0,13.2,0.67
3.1,500.0,9.4,0.65
4.1,500.0,12.9,0.64
3.4,510.0,11.1,0.6
0.9,410.0,4.1,0.56
5.8,660.0,12.1,0.73
7.4,710.0,13.5,0.77
6.4,700.0,14.3,0.64
3.1,450.0,13.7,0.5
3.8,510.0,14.6,0.51
7.2,660.0,15.6,0.7
7.5,690.0,15.3,0.71
7.5,730.0,14.7,0.7
7.09,616.0,15.22,0.757
8.54,677.0,16.76,0.753
8.95,740.0,16.56,0.73
8.88,715.0,16.92,0.734
8.47,702.0,15.38,0.7848
9.09,663.0,18.01,0.7616
4.78,690.0,9.79,0.71
3.62,660.0,7.72,0.71
1.04,554.0,2.98,0.63
2.33,704.0,4.57,0.724
1.64,693.0,3.37,0.705
2.69,687.0,5.63,0.695
3.22,711.0,6.21,0.729
5.97,581.0,14.66,0.686
4.66,756.0,8.98,0.69
4.82,580.0,12.2,0.68
5.97,580.0,14.3,0.72
3.93,550.0,10.8,0.66
5.03,560.0,13.3,0.68
6.07,600.0,14.2,0.7
3.73,620.0,10.5,0.57
4.37,570.0,13.3,0.56
7.19,640.0,16.1,0.7
6.5,530.0,18.8,0.65
7.6,610.0,16.5,0.76
5.8,520.0,16.71,0.67
6.3,580.0,14.89,0.73
6.5,630.0,13.37,0.77
5.3,510.0,14.32,0.73
4.3,530.0,10.93,0.75
6.3,520.0,17.46,0.69
7.3,580.0,16.9,0.74
7.6,610.0,16.5,0.76
6.2,610.0,14.6,0.7
6.5,620.0,14.1,0.74
5.9,640.0,12.5,0.73
5.5,660.0,11.2,0.74
5.3,680.0,10.3,0.75
6.0,570.0,16.0,0.66
6.4,580.0,15.7,0.7
6.7,620.0,15.5,0.7
6.0,630.0,13.6,0.7
6.1,650.0,13.4,0.7
5.5,610.0,13.3,0.68
6.4,620.0,15.0,0.69
7.4,630.0,16.8,0.7
6.12,707.5,11.91,0.7264
5.7,540.0,16.9,0.63
7.8,640.0,16.9,0.72
7.6,660.0,16.0,0.72
0.9,410.0,4.1,0.56
3.4,510.0,11.1,0.6
4.1,500.0,12.9,0.64
5.2,550.0,15.2,0.62
3.5,470.0,15.1,0.5
6.0,600.0,14.0,0.71
7.7,730.0,14.3,0.74
7.2,670.0,14.7,0.73
0.767,491.0,2.461,0.635
0.64,501.0,2.082,0.614
0.581,470.0,1.912,0.69
0.528,441.0,1.754,0.683
5.53,610.0,13.47,0.68
4.56,608.0,10.77,0.7
4.02,561.0,10.5,0.68
3.52,558.0,8.84,0.71
2.74,508.0,7.61,0.7
3.24,536.0,8.36,0.72
4.59,590.0,12.91,0.61
6.24,690.0,14.33,0.63
1.03,550.0,2.18,0.69
0.63,490.0,1.44,0.7
5.5,710.0,10.4,0.74
5.4,740.0,9.9,0.74
5.71,675.0,15.18,0.55
3.36,540.0,9.52,0.65
6.8,710.0,12.9,0.74
5.9,680.0,12.5,0.69
4.3,600.0,9.63,0.75
1.35,537.0,3.83,0.656
2.2,588.0,5.09,0.735
6.29,678.0,13.31,0.697
8.03,694.0,16.38,0.707
5.34,658.0,11.72,0.693
7.17,680.0,15.1,0.698
5.2,760.0,10.4,0.72
4.1,748.0,8.3,0.73
3.5,731.0,7.5,0.71
3.1,709.0,6.79,0.7
0.74,670.0,2.17,0.51
4.7,620.0,10.94,0.7
3.36,540.0,9.52,0.65
5.06,610.0,12.97,0.64
4.59,590.0,12.91,0.61
5.94,670.0,14.53,0.61
6.24,690.0,14.33,0.63
2.48,720.0,10.9,0.57
1.65,710.0,4.12,0.71
2.39,610.0,8.47,0.6
3.96,640.0,10.41,0.72
2.85,720.0,7.01,0.74
4.19,650.0,10.51,0.72
4.68,690.0,12.16,0.69
4.66,770.0,11.43,0.69
3.0,760.0,8.02,0.72
3.96,530.0,10.41,0.72
4.19,550.0,10.51,0.72
4.68,560.0,12.16,0.69
2.85,550.0,7.01,0.74
4.66,610.0,11.43,0.69
3.17,550.0,8.02,0.72
5.02,609.0,9.83,0.7
5.15,714.0,11.5,0.66
3.87,874.0,7.85,0.71
3.76,919.0,9.11,0.68
4.8,802.0,11.0,0.64
4.6,728.0,1.1,0.67
4.7,796.0,11.0,0.6
5.0,701.0,1.2,0.66
5.0,755.0,11.0,0.64
6.3,795.0,13.1,0.62
7.8,743.0,14.5,0.71
7.3,700.0,14.5,0.69
8.1,650.0,16.0,0.71
1.79,741.0,3.76,0.77
0.55,636.0,1.39,0.73
5.6,675.0,12.52,0.676
2.71,728.0,4.65,0.64
2.1,570.0,4.7,0.78
2.0,448.0,6.0,0.732
5.52,580.0,13.75,0.69
7.5,706.0,16.36,0.645
5.07,730.0,12.08,0.69
5.4,767.0,10.99,0.69
5.1,792.0,10.2,0.65
5.3,580.0,9.71,0.72
5.4,660.0,9.73,0.72
1.56,938.0,3.9,0.681
3.29,627.0,7.37,0.686
3.8,620.0,8.3,0.738
2.36,632.0,4.85,0.735
1.53,639.0,3.22,0.73
1.2,673.0,2.43,0.711
4.56,638.0,9.68,0.74
6.87,830.0,13.33,0.62
7.78,830.0,14.33,0.65
6.98,800.0,13.03,0.67
6.44,820.0,12.98,0.6
7.38,820.0,14.0,0.64
6.52,780.0,12.87,0.65
5.05,820.0,10.25,0.6
5.44,770.0,12.21,0.58
1.29,540.0,3.64,0.65
1.3,525.0,3.94,0.628
6.8,675.0,14.96,0.682
0.5,575.0,1.28,0.58
1.3,615.0,3.64,0.57
1.8,698.0,3.87,0.65
1.9,683.0,4.46,0.6
1.2,638.0,3.33,0.57
0.6,627.0,1.77,0.59
0.7,607.0,2.0,0.58
0.9,411.0,3.1,0.724
5.74,818.5,9.23,0.7597
5.7,768.7,10.26,0.7224
6.02,781.7,10.2,0.755
5.78,730.6,10.98,0.7213
6.49,734.0,13.01,0.68
4.64,674.0,10.02,0.69
4.4,679.0,9.13,0.71
6.14,705.0,12.63,0.69
7.13,748.0,14.02,0.68
6.63,710.0,12.96,0.71
7.3,636.0,18.692,0.6137
6.04,606.0,15.864,0.6287
2.02,530.0,5.63,0.68
4.47,690.0,9.36,0.69
6.72,645.0,15.18,0.69
5.4,708.0,11.69,0.653
2.8,706.0,7.14,0.556
4.34,662.0,9.77,0.671
2.83,635.0,6.71,0.66
1.65,800.0,3.33,0.62
2.81,920.0,4.47,0.68
6.6,715.0,12.4,0.741
7.0,708.0,13.7,0.724
6.7,706.0,13.1,0.723
7.1,710.0,13.6,0.736
6.9,702.0,13.1,0.748
1.9,429.0,6.0,0.734
0.9,412.0,2.9,0.737
1.8,440.0,5.6,0.738
0.8,412.0,2.5,0.729
1.4,404.0,4.9,0.726
0.5,402.0,1.9,0.694
3.56,740.0,6.98,0.69
4.13,740.0,7.86,0.71
3.26,628.0,6.94,0.75
5.16,656.0,11.65,0.68
6.0,720.0,11.1,0.749
6.1,615.0,14.5,0.67
5.4,540.0,13.9,0.715
4.97,680.0,11.19,0.6497
4.4,660.0,8.5,0.79
1.0,601.0,2.07,0.802
4.9,494.0,13.67,0.726
7.3,714.0,13.2,0.768
6.8,693.0,13.26,0.741
6.6,640.0,14.23,0.719
6.4,756.0,11.85,0.72
5.8,709.0,11.6,0.706
5.7,664.0,12.35,0.697
6.67,680.0,14.91,0.66
7.31,690.0,15.88,0.67
6.48,700.0,13.23,0.7
6.85,680.0,14.82,0.68
6.29,670.0,13.52,0.69
5.53,660.0,12.27,0.68
5.55,720.0,11.07,0.7
4.91,690.0,10.23,0.7
7.8,769.0,13.98,0.73
6.6,744.0,12.58,0.71
6.19,787.0,11.18,0.7
6.32,741.0,12.47,0.68
4.96,779.0,8.54,0.75
5.23,677.0,11.28,0.69
6.82,715.0,14.37,0.66
5.12,633.0,12.35,0.66
6.34,721.0,13.35,0.66
2.43,510.0,7.06,0.67
6.4,720.0,14.55,0.62
7.1,762.0,13.54,0.69
2.82,715.0,5.73,0.69
6.53,768.0,11.2,0.75
7.44,691.0,15.2,0.7
3.78,584.0,9.43,0.69
4.41,592.0,10.84,0.69
2.48,505.0,7.39,0.68
2.13,544.0,5.95,0.66
2.47,551.0,6.36,0.7
2.04,536.0,5.45,0.7
4.6,660.0,11.12,0.63
5.6,670.0,13.66,0.61
2.04,570.0,5.99,0.6
6.22,690.0,14.42,0.63
5.22,710.0,11.65,0.63
4.24,630.0,10.9,0.62
4.8,710.0,11.12,0.61
4.49,650.0,10.73,0.64
2.22,590.0,6.2,0.61
4.92,690.0,11.9,0.6
5.08,720.0,11.47,0.61
4.91,740.0,10.73,0.62
5.02,650.0,11.79,0.651
6.87,723.0,14.97,0.635
8.18,775.0,15.32,0.689
8.08,797.0,14.75,0.687
5.87,716.0,12.08,0.68
7.57,799.0,13.31,0.712
6.72,829.0,12.38,0.655
6.13,767.0,12.43,0.643
5.12,742.0,9.68,0.713
3.98,748.0,7.62,0.698
4.43,682.0,10.115,0.642
2.4,660.0,4.83,0.74
6.5,730.0,12.82,0.69
5.43,760.0,11.03,0.65
5.01,720.0,11.93,0.58
6.3,710.0,14.48,0.61
6.21,700.0,13.47,0.66
5.01,700.0,12.09,0.59
5.63,690.0,13.2,0.62
5.45,680.0,12.91,0.62
6.55,826.0,12.18,0.65
5.51,793.0,10.76,0.64
2.69,711.0,5.27,0.72
5.76,804.0,11.41,0.63
6.29,789.0,12.62,0.63
5.84,759.0,11.82,0.65
3.61,759.0,5.94,0.64
3.92,743.0,6.81,0.62
5.3,759.0,12.2,0.58
6.1,746.0,14.1,0.58
5.25,755.0,11.68,0.6
4.1,804.0,9.1,0.56
4.6,781.0,10.7,0.55
1.74,673.0,4.1,0.63
2.24,559.0,5.93,0.676
5.62,672.0,12.01,0.696
7.87,717.0,16.13,0.681
7.98,746.0,16.65,0.642
8.07,783.0,15.18,0.679
5.73,802.0,10.35,0.69
4.54,768.0,8.47,0.7
4.79,785.0,8.65,0.71
4.53,773.0,8.56,0.69
6.47,681.0,14.17,0.67
5.89,671.0,12.53,0.7
4.85,625.0,10.63,0.73
6.79,682.0,14.43,0.69
6.02,680.0,12.64,0.7
4.9,635.0,10.86,0.71
6.06,691.0,12.75,0.69
2.91,709.0,6.13,0.67
4.36,610.0,9.99,0.71
5.77,730.3,11.35,0.6966
5.43,693.8,11.29,0.6938
5.36,706.6,11.33,0.6693
6.19,748.2,11.83,0.6999
6.02,734.6,11.9,0.689
6.09,745.7,11.68,0.6995
6.32,724.5,12.05,0.7233
6.58,771.7,12.18,0.7002
5.29,751.5,9.47,0.7431
1.3,620.0,2.75,0.77
4.07,660.0,8.36,0.74
3.88,650.0,8.03,0.75
3.21,660.0,6.5,0.75
1.83,587.0,4.45,0.7
2.1,570.0,4.7,0.78
4.03,747.0,6.64,0.65
1.64,689.0,2.86,0.66
4.22,750.0,7.04,0.64
2.04,729.0,3.24,0.69
4.33,753.0,7.11,0.65
2.53,732.0,4.23,0.65
3.82,749.0,6.41,0.63
3.8,655.0,8.2,0.71
7.33,830.0,12.69,0.69
8.36,850.0,13.9,0.71
8.06,850.0,13.81,0.69
7.88,830.0,13.56,0.7
6.49,820.0,11.63,0.68
6.23,670.0,14.06,0.66
7.47,730.0,15.08,0.68
7.05,700.0,14.53,0.7
7.04,700.0,14.33,0.71
5.31,680.0,12.5,0.62
3.94,570.0,10.29,0.67
6.8,690.0,14.29,0.69
5.44,660.0,12.2,0.68
6.37,690.0,13.86,0.67
4.86,650.0,11.75,0.64
5.31,673.0,12.76,0.62
4.07,577.0,11.87,0.59
5.42,642.0,14.79,0.57
6.86,726.0,15.3,0.62
4.39,622.0,11.15,0.63
3.54,599.0,9.86,0.6
5.02,664.0,12.54,0.6
7.0,774.0,12.9,0.7
7.4,691.0,15.2,0.7
6.0,720.0,12.07,0.685
5.4,694.0,10.84,0.724
6.0,726.0,11.56,0.719
4.3,645.0,9.19,0.725
6.4,645.0,14.71,0.673
5.93,697.0,12.52,0.68
3.91,628.0,10.32,0.6022
4.9,681.0,11.96,0.6015
4.87,758.0,9.01,0.71
5.7,726.0,11.73,0.67
4.21,740.0,9.69,0.59
2.77,600.0,7.23,0.64
4.64,640.0,11.47,0.63
7.13,730.0,15.14,0.65
5.73,700.0,12.43,0.65
4.09,610.0,10.37,0.65
3.66,610.0,8.94,0.68
5.21,650.0,12.27,0.66
8.42,760.0,16.67,0.66
6.66,710.0,14.22,0.66
4.51,620.0,10.75,0.67
2.62,630.0,6.09,0.68
3.69,670.0,7.75,0.71
4.96,770.0,9.56,0.67
3.93,730.0,7.88,0.68
2.86,630.0,6.81,0.67
2.23,530.0,6.72,0.64
5.09,690.0,10.11,0.7223
4.86,660.0,10.75,0.675
3.0,390.0,14.4,0.54
3.57,631.0,9.03,0.6279
3.66,606.4,9.09,0.66
3.6,604.4,9.26,0.64
3.31,646.1,7.47,0.69
3.24,630.2,7.53,0.68
1.63,519.1,5.46,0.58
4.31,598.4,11.3,0.64
5.17,622.3,13.08,0.64
5.16,618.3,13.04,0.64
2.49,550.8,7.38,0.61
2.17,542.9,6.54,0.61
2.13,522.8,6.4,0.6
4.8,663.5,9.88,0.7322
5.26,653.0,11.72,0.6876
4.91,628.3,11.11,0.7038
4.87,639.9,11.35,0.6709
6.4,685.0,13.4,0.7
5.6,638.0,12.2,0.72
4.86,650.0,11.75,0.64
6.37,690.0,13.86,0.67
3.55,652.0,8.65,0.63
0.92,540.0,2.64,0.64
2.71,571.0,6.86,0.692
5.44,660.0,12.2,0.68
6.8,690.0,14.29,0.69
3.94,570.0,10.29,0.67
5.31,680.0,12.5,0.62
7.04,700.0,14.33,0.71
7.05,700.0,14.53,0.7
5.43,730.0,10.93,0.68
7.47,730.0,15.08,0.68
6.23,670.0,14.06,0.66
6.49,820.0,11.63,0.68
7.88,830.0,13.56,0.7
8.06,850.0,13.81,0.69
8.36,850.0,13.9,0.71
7.33,830.0,12.69,0.69
4.01,690.0,9.64,0.6
3.76,610.0,10.37,0.59
3.57,700.0,7.76,0.65
6.3,730.0,11.1,0.78
5.6,720.0,10.4,0.745
5.6,710.0,11.4,0.702
5.2,760.0,9.8,0.7
4.6,720.0,9.0,0.703
5.1,760.0,8.8,0.761
4.3,700.0,8.7,0.704
3.9,680.0,9.1,0.625
3.46,628.0,8.09,0.68
5.53,669.0,13.35,0.62
3.49,620.0,8.28,0.68
1.3,580.0,3.2,0.69
3.31,658.0,7.59,0.63
3.1,664.0,7.07,0.66
3.58,660.0,9.06,0.63
4.38,648.0,10.03,0.66
7.54,726.0,17.76,0.58
0.9,548.0,2.37,0.695
0.69,497.0,2.04,0.68
4.55,704.0,9.62,0.671
2.72,656.0,6.45,0.643
6.68,740.0,13.29,0.68
7.78,740.0,15.22,0.69
6.21,700.0,13.1,0.68
6.33,730.0,12.69,0.68
5.88,740.0,11.46,0.69
5.86,670.0,12.87,0.68
5.67,700.0,11.92,0.68
5.51,730.0,10.98,0.68
6.02,617.0,16.27,0.6
6.12,720.0,12.85,0.68
3.04,519.0,10.85,0.54
3.12,640.0,7.5,0.65
5.6,705.0,12.6,0.63
6.42,736.0,13.38,0.65
4.01,599.0,10.47,0.64
3.31,679.0,7.01,0.7
7.94,739.0,15.69,0.69
1.23,487.0,3.6,0.7
5.31,590.0,13.64,0.66
2.26,451.0,7.3,0.69
4.61,580.0,11.85,0.67
5.2,634.7,11.6,0.7011
5.2,738.1,10.2,0.6881
1.43,580.0,3.72,0.66
1.7,590.0,4.28,0.67
2.44,660.0,5.72,0.65
7.44,796.0,12.49,0.748
6.64,797.0,11.78,0.707
6.72,814.0,11.38,0.726
6.06,764.0,10.9,0.728
3.14,670.0,6.575,0.7
4.03,695.0,8.817,0.68
4.02,705.0,8.754,0.68
2.66,675.0,5.76,0.6853
1.12,558.0,2.73,0.7346
8.5,780.0,15.42,0.68
4.4,700.0,9.95,0.64
2.74,706.0,7.12,0.5463
5.32,734.0,12.06,0.6006
5.64,730.0,12.63,0.6175
6.17,745.0,13.11,0.66
7.11,739.0,14.68,0.68
7.97,745.0,16.92,0.67
7.55,713.0,15.99,0.66
6.87,728.0,13.1,0.72
6.59,720.0,13.45,0.68
5.07,670.0,10.96,0.69
5.66,720.0,11.39,0.69
4.22,640.0,9.7,0.68
7.66,780.0,13.84,0.71
6.05,720.0,11.51,0.73
6.75,780.0,11.86,0.73
4.97,680.0,10.02,0.73
4.56,670.0,9.33,0.73
4.39,730.0,8.6,0.7
7.56,745.0,14.2,0.71
8.28,757.0,15.3,0.71
6.82,705.0,14.0,0.69
4.5,648.0,10.8,0.6365
1.5,528.5,4.8,0.5935
4.84,740.0,11.11,0.59
5.6,710.0,11.44,0.69
5.27,690.0,10.92,0.7
2.65,512.0,7.7,0.67
4.52,548.0,11.82,0.7
3.52,522.0,10.02,0.67
5.77,710.0,11.43,0.7046
6.61,640.0,13.7,0.752
5.09,660.0,10.8,0.7063
3.37,693.0,9.17,0.5307
4.63,690.0,10.54,0.63
5.46,680.0,12.21,0.65
4.89,590.0,12.16,0.68
3.24,550.0,9.44,0.63
2.28,500.0,6.46,0.71
2.14,490.0,6.17,0.71
6.14,756.0,12.26,0.66
5.85,740.0,11.92,0.66
5.25,705.0,10.92,0.68
4.46,670.0,10.56,0.63
4.54,689.0,9.56,0.69
5.0,719.0,9.67,0.72
1.89,670.0,3.76,0.74
3.28,650.0,6.89,0.73
3.13,700.0,6.71,0.66
4.91,658.0,10.6,0.7
5.8,610.0,14.2,0.67
5.7,640.0,13.5,0.66
0.93,571.0,2.22,0.73
2.82,661.0,6.7,0.64
7.48,742.0,17.18,0.59
6.56,688.0,15.4,0.62
6.14,661.0,14.63,0.63
8.01,680.0,15.92,0.74
8.12,670.0,16.37,0.74
5.22,690.0,10.2,0.74
5.81,640.0,12.63,0.72
4.04,710.0,8.33,0.69
5.52,690.0,11.5,0.69
4.87,700.0,10.58,0.66
4.24,720.0,8.78,0.67
5.34,680.0,12.23,0.64
4.0,695.0,8.713,0.68
4.87,694.4,10.88,0.65
3.61,546.0,10.91,0.61
5.75,670.0,13.0,0.66
7.7,720.0,15.5,0.69
7.0,780.0,12.8,0.68
6.7,820.0,11.57,0.6826
7.69,720.0,19.09,0.56
5.17,650.0,14.74,0.54
5.24,820.0,11.3,0.56
7.45,879.0,13.7,0.62
2.57,747.0,6.9,0.5
1.06,700.0,2.5,0.61
10.45,846.0,21.3,0.58
12.1,846.0,24.2,0.59
4.27,773.0,9.2,0.6
4.2,763.0,9.6,0.58
1.3,757.0,2.9,0.59
1.7,758.0,3.9,0.59
4.6,736.0,7.81,0.74
3.5,693.0,7.08,0.71
3.2,696.0,6.02,0.72
1.54,760.0,3.07,0.74
2.54,710.0,5.04,0.72
3.23,770.0,7.2,0.68
0.695,770.0,1.712,0.641
4.87,700.0,10.29,0.68
1.63,547.0,4.31,0.692
1.21,512.0,3.72,0.626
3.97,646.0,8.59,0.717
4.08,680.0,8.58,0.699
3.73,650.0,8.3,0.691
3.64,635.0,7.35,0.67
4.8,666.0,9.7,0.68
5.69,601.0,11.31,0.71
4.82,612.0,9.94,0.69
4.62,750.0,9.98,0.67
4.3,690.0,8.71,0.7
4.27,730.0,8.59,0.67
4.44,670.0,8.45,0.7
4.04,740.0,7.91,0.69
3.68,630.0,4.0,0.796
3.66,680.0,4.93,0.713
2.36,740.0,4.42,0.767
5.22,730.0,7.12,0.781
5.07,915.0,7.36,0.752
4.1,621.0,8.76,0.754
2.98,562.0,8.25,0.64
6.44,666.0,15.6,0.62
6.1,616.0,16.2,0.61
4.77,630.0,12.5,0.61
3.9,760.0,7.09,0.71
2.9,710.0,5.65,0.72
4.0,770.0,7.11,0.73
5.45,616.0,13.6,0.65
4.8,701.0,10.5,0.63
0.819,555.0,2.186,0.626
6.92,620.0,18.3,0.61
7.2,628.0,19.3,0.59
6.83,630.0,18.1,0.6
6.05,660.0,15.3,0.6
2.15,680.0,4.39,0.71
2.43,595.0,5.76,0.71
2.09,670.0,4.18,0.74
7.4,730.0,13.8,0.73
7.0,740.0,13.9,0.68
6.5,680.0,13.1,0.73
5.9,630.0,13.2,0.7
6.7,700.0,15.5,0.62
7.3,710.0,15.4,0.67
3.6,710.0,10.34,0.51
7.62,708.0,16.0,0.67
6.48,701.0,14.8,0.63
7.03,742.0,14.1,0.67
2.81,589.0,7.61,0.63
2.4,720.0,4.75,0.71
3.2,780.0,6.08,0.68
3.3,780.0,5.87,0.72
1.8,660.0,4.55,0.58
8.07,734.0,15.34,0.72
7.52,712.0,11.43,0.73
6.58,715.0,12.48,0.74
4.5,600.0,12.2,0.64
5.3,590.0,14.1,0.62
4.0,770.0,7.06,0.74
0.99,555.0,2.79,0.64
4.22,635.0,9.98,0.66
4.95,666.0,11.22,0.66
6.04,601.0,15.78,0.64
5.48,612.0,14.0,0.64
4.97,750.0,9.9,0.67
5.01,690.0,10.67,0.68
4.36,670.0,10.16,0.64
4.78,700.0,11.38,0.6
7.6,740.0,14.2,0.72
8.3,730.0,15.22,0.75
7.7,740.0,14.0,0.74
4.8,630.0,10.8,0.71
4.7,640.0,10.2,0.72
6.3,720.0,12.3,0.71
6.3,720.0,12.4,0.71
5.6,710.0,11.1,0.71
5.6,720.0,10.9,0.71
2.35,690.0,5.41,0.63
1.88,674.0,4.2,0.66
5.51,793.0,10.76,0.64
2.14,682.0,4.55,0.69
4.8,740.0,8.9,0.66
5.7,720.0,10.8,0.64
4.35,762.0,7.51,0.76
1.44,650.0,3.3,0.67
4.57,750.0,8.59,0.71
2.52,740.0,4.7,0.73
4.54,760.0,8.47,0.7
1.87,720.0,3.69,0.7
4.35,630.0,11.27,0.61
4.96,680.0,12.22,0.6
4.05,700.0,9.14,0.63
4.14,700.0,9.26,0.63
3.74,710.0,8.43,0.63
1.9,611.0,4.5,0.68
2.6,621.0,6.2,0.67
4.04,656.0,7.64,0.6848
2.37,766.0,5.18,0.5081
4.22,700.0,8.87,0.68
5.01,701.0,10.52,0.68
4.09,715.0,8.41,0.68
4.47,712.0,9.36,0.67
3.68,723.0,7.38,0.69
2.82,570.0,7.44,0.67
4.41,600.0,11.74,0.63
4.26,620.0,10.12,0.68
4.55,640.0,10.63,0.67
3.64,550.0,9.99,0.66
4.82,610.0,12.66,0.62
4.28,600.0,10.2,0.7
2.68,540.0,6.84,0.73
3.74,560.0,9.18,0.73
2.58,540.0,6.3,0.76
4.0,642.0,9.8,0.63
3.0,615.0,7.4,0.66
3.1,640.0,7.6,0.64
1.23,538.0,3.33,0.688
1.94,588.0,4.68,0.703
3.55,577.0,9.06,0.679
7.33,700.0,14.29,0.73
5.76,634.0,14.6,0.62
1.36,520.0,4.47,0.58
5.84,644.0,14.5,0.63
5.16,654.0,12.4,0.64
7.58,757.0,14.1,0.71
6.98,738.0,13.9,0.68
8.09,745.0,15.2,0.71
6.25,729.0,12.6,0.68
7.54,744.0,14.8,0.68
6.93,757.0,13.8,0.66
6.01,729.0,12.4,0.66
2.55,640.0,7.57,0.5282
1.59,620.0,4.04,0.6385
3.68,660.0,9.78,0.5664
2.56,690.0,7.05,0.5265
1.77,586.0,4.25,0.71
5.1,560.0,12.6,0.723
4.86,643.0,10.65,0.71
4.3,586.0,9.98,0.74
2.94,589.0,6.7,0.74
2.74,601.0,6.17,0.74
3.66,703.0,7.89,0.66
2.63,578.0,7.76,0.5
3.12,656.0,8.09,0.5
0.54,547.0,1.35,0.728
0.96,568.0,2.55,0.665
4.24,650.0,9.32,0.7
5.98,680.0,12.43,0.72
8.51,725.0,14.46,0.72
4.6,680.0,9.8,0.69
4.9,760.0,8.9,0.73
3.3,600.0,7.9,0.69
4.2,610.0,10.5,0.65
10.4,908.0,15.42,0.743
11.6,915.0,16.88,0.754
5.66,629.0,13.05,0.69
5.39,676.6,12.57,0.63
2.49,550.0,6.92,0.653
1.38,670.0,2.83,0.62
0.82,529.0,2.27,0.59
5.8,633.0,13.4,0.688
4.2,596.0,11.5,0.61
1.78,536.0,6.02,0.53
5.89,649.0,14.37,0.63
1.7,540.0,5.2,0.62
4.6,650.0,11.2,0.64
1.58,550.0,4.48,0.64
0.89,448.0,2.99,0.67
2.35,568.0,7.04,0.59
1.81,568.0,5.16,0.62
1.84,548.0,5.63,0.6
1.89,540.0,5.8,0.6
1.15,522.0,3.35,0.62
1.04,524.0,3.16,0.63
0.97,520.0,3.07,0.61
0.56,517.0,1.8,0.6
0.91,503.0,2.96,0.61
0.6,516.0,1.99,0.59
3.02,487.0,9.15,0.68
3.1,710.0,6.0,0.64
2.5,560.0,7.8,0.54
2.34,540.0,6.94,0.62
2.11,550.0,6.76,0.57
2.75,590.0,6.66,0.7
5.24,650.0,11.33,0.71
3.48,670.0,6.95,0.75
2.28,630.0,5.02,0.72
7.0,688.0,14.28,0.69
4.9,700.0,10.3,0.68
3.96,640.0,9.12,0.68
3.34,620.0,7.92,0.68
10.7,883.0,16.71,0.722
9.8,887.0,14.78,0.749
7.6,824.0,12.06,0.76
3.35,910.0,5.29,0.69
3.76,940.0,5.69,0.7
3.3,950.0,4.93,0.7
1.58,790.0,3.08,0.65
0.82,529.0,2.27,0.59
1.38,670.0,2.83,0.62
0.82,529.0,2.27,0.59
2.2,565.0,6.0,0.648
2.91,535.0,8.28,0.657
3.23,520.0,9.8,0.633
4.8,657.0,10.67,0.68
11.3,958.0,15.8,0.748
5.37,811.0,8.8,0.752
10.7,897.0,15.6,0.764
9.68,814.0,15.8,0.753
9.32,821.0,15.1,0.752
10.4,848.0,16.1,0.762
6.18,700.0,12.6,0.71
5.27,665.0,11.04,0.72
5.21,665.0,11.3,0.69
5.83,649.0,13.14,0.68
6.16,710.0,11.46,0.68
6.33,740.0,11.67,0.68
5.87,720.0,11.47,0.67
0.75,580.0,2.09,0.62
2.17,600.0,5.84,0.62
3.17,660.0,8.91,0.55
4.27,680.0,10.41,0.6
2.58,620.0,7.31,0.57
6.7,844.0,10.18,0.776
6.36,669.0,13.76,0.691
3.0,660.0,6.4,0.71
2.57,630.0,6.24,0.65
3.18,660.0,8.4,0.57
4.78,660.0,10.52,0.69
4.33,620.0,9.74,0.71
3.38,660.0,7.21,0.71
3.2,696.0,6.3,0.7
2.6,643.0,5.5,0.67
2.7,570.0,7.6,0.63
3.2,580.0,8.1,0.68
4.0,660.0,9.4,0.65
4.45,756.0,9.54,0.62
2.45,649.0,5.6,0.674
2.44,615.0,5.77,0.687
2.7,617.0,6.24,0.702
2.24,664.0,4.72,0.715
2.44,636.0,5.73,0.674
2.7,642.0,5.96,0.705
2.23,523.0,7.03,0.605
5.38,673.0,12.11,0.66
1.39,545.0,3.6,0.71
2.86,636.0,7.37,0.61
3.41,545.0,8.8,0.71
3.01,689.0,5.71,0.65
1.73,597.0,3.88,0.63
0.63,614.0,1.5,0.58
1.95,565.1,4.62,0.745
1.33,587.0,2.91,0.781
0.62,573.0,1.39,0.781
0.83,488.7,2.45,0.69
2.03,598.3,4.53,0.751
0.61,523.2,1.61,0.731
6.65,720.0,12.86,0.72
2.49,560.0,7.46,0.6
5.75,730.0,11.72,0.67
4.1,640.0,9.2,0.66
1.37,480.0,4.6,0.62
2.04,542.0,5.88,0.64
1.51,485.0,5.28,0.62
1.47,523.0,4.76,0.59
2.02,543.0,5.64,0.66
7.39,716.0,16.2,0.63
3.23,610.0,7.5,0.707
4.49,630.0,10.5,0.677
0.62,516.0,1.99,0.61
0.89,552.0,2.42,0.66
1.31,516.0,3.96,0.64
1.97,564.0,5.65,0.62
0.72,530.0,2.46,0.55
1.42,600.0,3.23,0.72
5.67,674.0,10.99,0.77
2.1,527.0,6.6,0.589
2.1,525.0,6.9,0.584
2.7,535.0,8.2,0.624
2.1,523.0,6.5,0.629
0.8,471.0,2.8,0.609
1.1,486.0,3.6,0.632
2.93,582.0,7.8,0.65
3.17,583.0,8.48,0.64
1.56,516.0,5.01,0.6
2.35,543.0,6.99,0.62
1.32,500.0,4.68,0.56
1.91,521.0,6.39,0.57
1.78,495.0,6.38,0.56
2.34,514.0,6.87,0.66
1.19,532.0,3.39,0.66
2.32,542.0,7.22,0.59
4.47,600.0,11.3,0.66
4.49,600.0,11.2,0.67
3.74,590.0,9.82,0.65
4.53,597.0,12.0,0.63
3.44,537.0,10.0,0.64
3.0,527.0,8.53,0.67
2.77,524.0,8.35,0.63
2.92,522.0,8.84,0.63
2.7,560.0,7.5,0.64
3.61,580.0,9.27,0.67
1.79,554.0,4.79,0.67
3.27,568.0,8.54,0.67
7.66,646.0,15.8,0.75
2.8,620.0,6.5,0.7
1.23,385.0,5.76,0.55
5.16,657.0,11.94,0.66
5.27,665.0,11.04,0.72
6.26,738.0,12.56,0.68
8.01,683.0,17.87,0.66
5.85,592.0,14.64,0.68
6.04,680.0,12.59,0.71
6.67,690.0,13.54,0.71
6.33,680.0,13.12,0.71
2.93,582.0,7.8,0.65
3.17,583.0,8.48,0.64
1.19,532.0,3.39,0.66
2.32,542.0,7.22,0.59
4.47,600.0,11.3,0.66
4.49,600.0,11.2,0.67
6.04,746.0,12.38,0.66
5.23,649.0,12.33,0.65
5.65,706.0,12.0,0.67
5.24,738.0,9.96,0.71
6.71,722.0,13.69,0.68
2.6,410.0,10.01,0.64
1.51,520.0,4.16,0.7
2.03,600.0,5.2,0.64
1.91,630.0,4.36,0.69
2.4,560.0,7.0,0.62
5.01,580.0,12.9,0.67
4.13,560.0,11.71,0.63
1.79,453.0,5.62,0.7
2.54,512.0,6.88,0.72
4.06,549.0,10.9,0.68
1.18,605.0,2.57,0.76
2.58,583.0,6.49,0.68
4.65,695.0,9.61,0.7
3.12,655.0,7.08,0.67
1.56,590.0,3.453,0.6519
0.54,581.0,1.253,0.6345
3.47,620.0,7.547,0.6304
4.1,676.0,8.9,0.68
2.42,610.0,5.78,0.68
3.44,570.0,9.25,0.66
1.67,600.0,4.16,0.68
2.75,580.0,7.13,0.67
1.39,570.0,3.76,0.65
3.27,630.0,7.88,0.66
2.47,582.0,5.89,0.72
3.6,617.0,8.33,0.7
2.67,601.0,6.93,0.64
8.32,645.0,1.7,0.767
3.75,580.0,10.89,0.6
3.3,580.0,8.9,0.65
2.3,550.0,6.3,0.65
3.5,610.0,10.3,0.58
2.8,580.0,8.0,0.6
4.0,640.0,9.7,0.65
1.4,570.0,3.4,0.7
3.75,524.0,11.4,0.63
5.65,543.0,15.5,0.67
7.46,675.0,15.29,0.723
8.3,698.0,17.14,0.694
6.69,639.0,14.6,0.717
7.01,643.0,15.59,0.699
5.85,692.0,14.27,0.59
1.6,580.0,4.0,0.69
0.6,520.0,2.2,0.53
2.7,590.0,8.2,0.55
2.9,570.0,7.8,0.65
2.6,570.0,6.6,0.69
2.4,540.0,6.3,0.69
4.2,590.0,10.5,0.67
4.9,660.0,11.9,0.64
4.2,740.0,8.9,0.63
3.1,610.0,7.3,0.72
5.2,710.0,11.3,0.66
5.68,660.0,14.2,0.6
5.0,710.0,12.6,0.57
4.0,570.0,10.8,0.65
3.4,660.0,7.2,0.71
4.6,690.0,9.5,0.71
1.02,583.0,3.09,0.56
1.6,573.0,4.07,0.69
2.19,575.0,5.75,0.66
2.78,558.0,7.91,0.63
4.2,704.0,9.18,0.65
5.16,735.0,10.33,0.68
0.72,455.0,2.3,0.69
3.45,553.0,8.9,0.7
3.18,540.0,8.3,0.71
2.94,560.0,7.5,0.7
4.9,710.0,9.6,0.71
4.6,660.0,9.9,0.7
3.9,760.0,7.2,0.72
1.9,630.0,4.1,0.75
4.6,700.0,9.0,0.72
5.0,700.0,10.0,0.71
4.8,640.0,11.5,0.66
4.4,760.0,8.9,0.65
2.7,620.0,5.9,0.72
3.4,610.0,9.1,0.62
0.9,490.0,3.0,0.61
2.7,600.0,7.2,0.63
4.5,710.0,9.5,0.68
4.8,670.0,10.2,0.69
1.1,510.0,3.5,0.64
3.4,640.0,8.6,0.63
2.7,590.0,6.9,0.68
4.1,640.0,9.7,0.66
1.9,540.0,5.5,0.64
1.6,590.0,5.2,0.54
6.2,670.0,14.3,0.65
1.78,423.0,6.04,0.7
5.59,593.0,16.26,0.57
1.24,489.0,3.4,0.74
8.21,640.0,18.47,0.69
7.19,688.0,14.26,0.73
7.26,655.0,17.52,0.65
5.91,558.0,18.97,0.55
5.45,659.0,11.42,0.724
6.36,671.0,13.03,0.728
5.04,549.0,12.71,0.721
4.55,576.0,10.92,0.724
6.6,601.0,15.48,0.709
7.15,650.0,15.09,0.729
6.08,710.0,11.01,0.78
0.61,870.0,1.11,0.6228
0.98,700.0,2.14,0.66
4.56,651.0,10.95,0.64
6.08,688.0,13.2,0.67
5.56,660.0,11.4,0.74
8.22,787.0,15.58,0.67
7.25,754.0,14.73,0.65
7.0,735.0,15.78,0.6
4.53,950.0,7.75,0.62
4.9,584.0,12.5,0.68
5.7,606.0,13.7,0.69
5.4,598.0,13.4,0.67
5.8,601.0,14.4,0.67
6.3,605.0,15.2,0.68
6.2,582.0,15.0,0.71
5.4,595.0,13.4,0.68
6.0,608.0,14.1,0.7
5.6,589.0,13.2,0.72
5.63,710.0,10.43,0.76
4.24,680.0,8.38,0.76
4.82,680.0,9.44,0.75
0.9,572.0,2.32,0.706
6.3,678.0,12.91,0.717
8.1,688.0,16.44,0.712
3.3,720.0,6.4,0.71
0.81,880.0,1.43,0.6349
6.52,740.0,12.51,0.7
1.9,548.0,5.3,0.66
1.8,558.0,4.9,0.66
2.2,554.0,5.9,0.619
5.85,720.0,10.63,0.77
5.43,700.0,10.04,0.77
7.3,684.0,14.46,0.742
2.92,553.0,8.28,0.62
3.78,621.0,7.76,0.68
3.44,592.0,8.28,0.66
2.11,545.0,6.16,0.61
5.2,726.0,10.59,0.68
5.5,615.0,13.84,0.65
8.2,694.0,16.36,0.72
7.1,658.0,15.84,0.68
5.96,664.0,13.46,0.672
6.21,691.0,13.07,0.683
5.07,749.0,9.43,0.722
7.26,694.0,15.47,0.672
7.08,731.0,13.79,0.703
5.2,744.0,9.89,0.709
5.23,815.0,9.54,0.673
5.59,741.0,11.12,0.678
6.02,786.0,11.0,0.661
6.68,724.0,13.26,0.661
5.86,797.0,10.85,0.644
6.35,737.0,12.31,0.666
5.43,799.0,10.18,0.634
6.04,722.0,12.14,0.655
5.51,704.3,10.41,0.7511
2.36,540.0,6.43,0.68
2.74,607.0,6.96,0.65
3.14,626.0,7.25,0.69
4.03,611.0,9.43,0.7
5.26,630.0,11.7,0.71
5.19,580.0,12.56,0.7
6.47,617.0,13.76,0.75
5.5,820.0,8.7,0.77
3.8,750.0,6.1,0.81
5.41,687.0,12.79,0.61
12.5,956.0,17.03,0.77
2.4,610.0,5.9,0.67
2.6,670.0,5.8,0.66
2.2,520.0,6.7,0.63
4.04,693.0,8.11,0.719
2.68,662.0,6.43,0.63
6.55,697.0,15.62,0.6
4.85,669.0,12.18,0.6
7.08,717.0,16.59,0.59
5.01,646.0,12.29,0.63
3.9,640.0,10.68,0.57
6.35,686.0,14.99,0.62
6.61,694.0,15.97,0.6
5.45,671.0,13.65,0.6
6.54,683.0,16.52,0.58
4.93,665.0,12.99,0.57
3.73,606.0,8.18,0.75
5.27,690.0,10.4,0.73
3.28,658.0,6.54,0.76
4.58,738.0,8.19,0.76
5.8,579.0,18.79,0.534
3.85,552.0,12.31,0.566
5.3,584.0,15.37,0.591
3.91,668.0,9.65,0.607
7.64,620.0,17.15,0.72
7.07,670.0,16.85,0.628
10.5,885.0,16.03,0.742
4.68,672.0,9.912,0.7027
5.67,780.0,11.21,0.65
4.44,692.0,8.85,0.726
3.59,597.0,9.95,0.61
10.6,897.0,15.81,0.744
6.91,721.0,16.05,0.6
7.71,709.0,18.33,0.59
4.7,644.0,13.0,0.56
5.03,646.0,13.86,0.56
6.08,680.0,15.26,0.59
6.94,689.0,17.22,0.58
4.06,758.0,9.93,0.54
5.4,693.0,14.65,0.53
5.58,678.0,15.7,0.52
4.7,682.0,13.14,0.52
4.71,667.0,13.51,0.52
6.2,732.0,15.78,0.53
6.35,705.0,17.0,0.53
3.93,754.0,9.52,0.55
0.67,370.0,2.81,0.64
4.8,494.0,14.31,0.68
9.57,702.0,12.85,0.7
1.82,638.0,4.1,0.697
2.85,650.0,6.27,0.699
2.62,632.0,5.89,0.705
1.48,589.0,3.78,0.663
5.48,667.0,16.31,0.5
4.55,690.0,12.62,0.52
5.04,677.0,14.31,0.52
6.03,722.0,15.29,0.54
5.88,711.0,16.38,0.5
5.73,810.0,11.78,0.6
5.6,754.0,12.06,0.62
6.23,730.0,12.9,0.67
5.84,563.0,18.2,0.57
1.27,456.0,4.5,0.62
3.64,605.0,9.7,0.62
3.32,625.0,8.3,0.64
2.78,639.0,6.5,0.67
2.37,650.0,5.3,0.69
4.5,600.0,12.3,0.61
3.64,619.0,8.9,0.66
3.22,632.0,7.6,0.67
3.16,655.0,7.0,0.69
5.7,730.0,11.4,0.69
5.1,681.0,12.0,0.62
5.2,725.0,11.6,0.63
6.1,720.0,13.2,0.65
6.74,750.0,12.23,0.73
5.53,760.0,9.78,0.74
5.26,523.0,14.72,0.68
7.68,722.0,15.53,0.68
5.49,714.0,11.54,0.67
9.52,708.0,19.23,0.7
4.48,745.0,10.22,0.59
4.2,782.0,8.92,0.6
5.05,790.0,10.51,0.61
2.86,665.0,6.47,0.672
3.84,657.0,8.42,0.694
4.46,717.0,9.05,0.687
6.3,749.0,12.54,0.671
1.32,650.0,3.24,0.627
1.1,597.0,2.51,0.73
2.27,662.0,4.62,0.74
6.74,785.0,12.34,0.7
5.51,663.0,12.25,0.68
4.5,855.0,7.21,0.73
4.37,815.0,8.08,0.67
7.17,765.0,14.2,0.66
6.37,777.0,12.3,0.666
1.99,875.0,3.5,0.648
6.27,715.0,13.5,0.65
5.83,715.0,13.0,0.627
1.99,875.0,3.5,0.648
3.81,540.0,11.9,0.59
4.81,560.0,13.9,0.61
5.72,580.0,15.0,0.65
3.37,540.0,10.6,0.59
4.55,560.0,13.0,0.63
7.3,620.0,17.9,0.66
4.59,425.0,16.17,0.67
5.57,691.6,11.96,0.6737
3.85,578.5,9.89,0.6729
5.29,676.3,11.39,0.6866
6.01,687.5,12.29,0.7118
4.76,706.0,11.07,0.61
4.83,731.0,10.71,0.62
5.21,757.0,10.9,0.63
5.1,730.0,9.37,0.75
5.43,707.0,12.62,0.61
6.02,714.0,13.22,0.64
6.12,745.0,12.83,0.64
5.65,707.0,10.96,0.73
9.67,697.0,20.85,0.666
7.09,679.0,14.89,0.701
7.11,661.0,16.56,0.65
6.49,677.0,13.83,0.692
5.02,668.0,10.45,0.718
5.21,652.0,11.77,0.679
2.15,660.0,5.13,0.67
5.31,710.0,12.6,0.6
5.71,690.0,13.7,0.61
3.57,640.0,8.64,0.65
2.82,660.0,6.82,0.63
4.32,564.0,13.0,0.59
0.63,476.0,2.2,0.6
5.1,464.0,16.15,0.68
7.2,679.0,14.77,0.72
9.45,735.0,18.4,0.7
10.26,715.0,6.58,0.72
9.9,720.0,13.15,0.69
9.77,721.0,19.8,0.68
9.83,701.0,6.34,0.73
9.49,704.0,19.76,0.68
6.84,702.0,14.24,0.68
5.11,693.0,11.16,0.66
7.85,663.0,16.67,0.71
9.2,661.0,6.21,0.74
8.94,660.0,12.25,0.73
8.64,663.0,18.11,0.72
5.3,797.0,10.33,0.64
5.04,793.0,9.45,0.67
4.36,720.0,9.38,0.64
6.65,760.0,12.7,0.69
7.6,810.0,13.39,0.7
2.23,620.0,5.47,0.66
4.12,640.0,10.44,0.62
1.27,650.0,2.98,0.66
2.92,660.0,6.94,0.64
1.78,620.0,4.62,0.62
0.83,600.0,2.31,0.6
7.36,690.0,16.59,0.64
6.3,680.0,14.16,0.66
6.2,680.0,14.08,0.65
6.12,680.0,13.44,0.67
7.44,661.0,15.21,0.74
4.14,666.0,9.0,0.69
6.6,711.0,12.3,0.76
7.2,762.0,12.7,0.74
3.0,662.0,6.45,0.69
3.4,663.0,6.83,0.74
4.36,610.0,9.99,0.71
4.18,640.0,9.77,0.67
6.58,715.0,12.48,0.74
7.74,714.0,15.11,0.72
7.48,737.0,13.73,0.74
5.95,712.0,11.43,0.73
6.87,703.0,14.04,0.7
6.85,732.0,12.58,0.74
4.3,703.0,9.89,0.62
4.6,720.0,9.85,0.645
6.1,732.0,12.0,0.7
4.0,682.0,9.1,0.65
3.98,700.0,7.6,0.75
4.1,650.0,8.72,0.73
6.59,678.0,14.03,0.69
5.3,659.0,11.82,0.68
6.86,826.0,11.54,0.72
2.52,630.0,6.05,0.66
6.82,824.0,11.5,0.72
9.05,704.0,18.08,0.71
7.9,917.0,12.02,0.719
7.87,915.0,12.35,0.7
7.69,825.0,13.71,0.68
7.81,885.0,12.79,0.69
8.29,849.0,14.57,0.67
8.83,907.0,14.32,0.68
2.57,680.0,6.45,0.59
2.65,640.0,7.2,0.58
4.31,740.0,9.03,0.64
3.0,640.0,6.47,0.73
2.69,650.0,6.21,0.72
3.39,650.0,7.44,0.7
1.89,600.0,4.65,0.68
1.02,616.0,3.27,0.51
1.08,611.0,3.55,0.5
1.7,612.0,4.49,0.62
6.57,752.0,12.06,0.72
7.09,741.0,13.13,0.73
7.48,739.0,13.73,0.74
7.23,707.0,14.73,0.69
1.45,573.0,3.29,0.77
1.17,546.0,2.84,0.76
7.53,689.0,15.09,0.72
6.37,677.0,12.71,0.74
2.0,650.0,4.5,0.7
3.83,585.0,8.97,0.73
1.94,574.0,4.35,0.76
8.26,678.0,17.76,0.69
2.5,860.0,4.22,0.68
2.9,760.0,5.33,0.72
3.9,760.0,7.89,0.65
3.4,780.0,7.9,0.55
3.0,800.0,6.86,0.55
5.87,836.0,10.35,0.678
5.56,822.0,10.74,0.63
4.97,853.0,8.71,0.669
4.48,720.0,10.98,0.57
4.08,640.0,10.31,0.62
4.23,615.0,11.8,0.58
5.35,675.0,12.65,0.63
8.8,756.0,15.4,0.76
5.1,683.0,9.6,0.78
5.4,603.0,11.8,0.75
4.8,671.0,10.1,0.7
5.6,810.0,9.4,0.74
6.6,622.0,14.9,0.71
6.02,632.0,13.8,0.69
2.87,567.0,9.05,0.56
2.79,543.0,8.02,0.64
5.77,615.0,13.6,0.69
7.3,804.0,12.24,0.742
2.47,617.0,5.48,0.73
7.81,704.0,16.16,0.69
6.53,649.0,13.79,0.73
6.71,634.0,15.4,0.69
6.91,679.0,14.28,0.71
4.23,669.0,10.11,0.63
8.5,679.0,18.27,0.69
7.24,655.0,15.27,0.72
6.87,682.0,14.7,0.7
5.57,680.0,12.0,0.68
5.34,680.0,11.3,0.69
6.22,700.0,12.7,0.7
6.27,640.0,15.5,0.63
4.84,616.0,13.31,0.59
4.86,715.0,11.32,0.6
4.71,712.0,11.02,0.6
7.1,735.0,1.55,0.782
7.5,757.0,2.9,0.782
7.7,783.0,6.37,0.771
7.9,861.0,1.53,0.758
8.2,889.0,2.82,0.76
8.6,922.0,6.18,0.756
7.6,826.0,1.52,0.754
7.9,853.0,2.81,0.754
8.1,886.0,6.14,0.744
5.83,729.0,10.95,0.73
6.23,660.0,14.93,0.64
6.67,840.0,11.01,0.72
8.5,948.0,12.18,0.733
6.72,670.0,15.2,0.66
5.36,670.0,11.9,0.68
5.01,580.0,13.5,0.64
6.42,670.0,14.9,0.64
6.17,680.0,14.1,0.65
5.52,670.0,13.3,0.62
2.37,551.0,8.56,0.5
7.57,730.0,15.5,0.67
7.96,717.0,15.4,0.72
4.12,645.0,7.51,0.85
6.06,699.0,13.43,0.65
8.02,720.0,15.2,0.733
6.5,664.0,13.0,0.75
4.76,946.0,7.66,0.658
6.15,893.0,10.1,0.681
10.1,833.0,16.5,0.737
6.91,832.0,11.8,0.703
2.23,621.0,4.91,0.73
3.13,646.0,7.13,0.68
1.21,603.0,3.04,0.66
2.79,640.0,6.88,0.63
5.56,860.0,11.33,0.57
5.98,642.0,14.1,0.66
6.13,650.0,14.8,0.64
5.82,650.0,13.7,0.65
5.38,640.0,13.2,0.64
4.01,586.0,10.3,0.67
4.7,690.0,10.56,0.65
3.01,618.0,7.52,0.65
4.65,664.0,9.69,0.696
5.8,709.0,11.71,0.7086
6.72,690.0,13.72,0.71
7.05,710.0,14.01,0.71
7.64,770.0,13.79,0.72
2.75,735.0,5.42,0.69
2.73,635.0,6.55,0.66
1.7,580.0,4.56,0.64
7.42,641.0,16.13,0.718
8.6,664.0,17.45,0.742
5.95,680.0,14.5,0.61
6.04,650.0,15.6,0.6
4.11,610.0,11.4,0.59
4.73,640.0,11.1,0.66
6.15,630.0,16.0,0.61
5.41,610.0,15.2,0.58
6.4,680.0,14.17,0.66
3.0,670.0,6.6,0.68
1.55,735.0,2.89,0.73
6.26,650.0,15.44,0.62
6.1,630.0,16.04,0.61
4.7,830.0,7.6,0.74
4.4,760.0,7.78,0.74
9.3,770.0,1.92,0.79
9.6,790.0,3.58,0.78
9.7,820.0,7.74,0.76
9.4,850.0,15.31,0.73
10.2,760.0,2.08,0.8
10.3,790.0,3.88,0.78
10.1,820.0,8.32,0.74
4.77,560.0,14.2,0.6
3.02,541.0,10.7,0.52
2.97,530.0,11.0,0.51
3.16,600.0,8.55,0.62
3.81,580.0,11.15,0.59
2.4,484.0,7.58,0.65
4.23,727.0,7.72,0.75
5.45,656.0,11.44,0.73
6.11,668.0,12.61,0.73
8.4,840.0,14.25,0.7
6.7,680.0,15.2,0.65
7.17,793.6,12.08,0.748
6.66,746.9,12.02,0.742
7.27,769.1,13.84,0.683
2.13,590.0,5.56,0.65
5.21,619.0,13.52,0.62
5.68,628.0,13.92,0.65
4.56,657.0,10.53,0.66
4.65,577.0,12.92,0.62
5.65,541.0,15.96,0.65
4.87,580.0,12.48,0.67
4.43,624.0,11.79,0.6
3.89,567.0,10.32,0.66
6.03,625.0,14.53,0.66
4.43,597.0,12.43,0.6
5.66,650.0,11.46,0.76
6.26,700.0,12.26,0.73
8.72,811.0,14.1,0.77
8.86,901.0,13.4,0.74
5.98,670.0,12.69,0.7
5.66,680.0,12.06,0.69
4.7,690.0,9.75,0.7
6.76,680.0,14.63,0.68
7.45,730.0,14.44,0.7
4.66,670.0,10.13,0.68
3.64,551.0,10.13,0.65
3.59,553.0,10.38,0.63
4.44,606.0,10.79,0.68
4.19,705.0,9.47,0.63
3.53,618.0,8.19,0.697
3.53,618.0,8.21,0.696
2.85,700.0,6.09,0.668
3.5,691.0,6.77,0.749
2.86,664.0,5.85,0.738
3.03,655.0,6.08,0.761
2.37,718.0,4.55,0.724
2.59,736.0,4.53,0.776
5.36,720.0,12.23,0.61
5.59,730.0,12.45,0.62
5.94,720.0,12.61,0.65
6.3,740.0,13.51,0.63
5.92,720.0,13.49,0.61
5.88,700.0,12.6,0.67
5.94,720.0,13.69,0.6
5.88,740.0,12.72,0.62
6.0,720.0,13.85,0.64
6.11,720.0,13.49,0.63
5.76,750.0,12.92,0.59
3.93,684.0,8.77,0.65
5.06,727.0,10.59,0.66
5.59,707.0,12.24,0.65
6.62,750.0,12.31,0.717
7.26,700.0,14.51,0.715
6.5,720.0,12.58,0.718
3.57,640.0,8.47,0.659
3.73,650.0,8.32,0.689
4.87,690.0,10.87,0.649
6.21,700.0,11.56,0.767
6.22,680.0,13.57,0.674
4.81,690.0,10.11,0.689
1.91,590.0,5.82,0.556
5.96,700.0,12.08,0.705
4.25,650.0,9.39,0.696
3.92,620.0,8.65,0.73
3.21,600.0,7.68,0.696
5.86,720.0,10.87,0.738
4.02,670.0,8.01,0.749
3.97,670.0,8.01,0.774
3.06,600.0,7.24,0.702
8.06,724.0,16.28,0.684
0.69,483.0,2.09,0.68
0.83,508.0,2.39,0.68
3.81,588.0,9.74,0.67
4.14,605.0,9.78,0.7
3.44,572.0,9.36,0.64
1.32,532.0,3.89,0.64
3.24,531.0,9.78,0.62
2.7,483.0,10.81,0.52
6.29,699.0,14.2,0.63
5.47,728.0,11.93,0.63
5.13,725.0,12.18,0.58
5.62,735.0,11.58,0.66
6.04,752.0,12.51,0.64
5.4,719.0,12.53,0.6
6.0,722.0,12.86,0.65
6.1,646.0,13.4,0.7
4.2,616.0,9.3,0.73
2.89,610.0,7.4,0.64
1.41,530.0,5.1,0.52
4.37,660.0,9.2,0.72
2.36,610.0,6.9,0.56
6.01,740.0,12.08,0.67
7.01,750.0,13.83,0.67
7.2,741.0,14.34,0.676
5.27,710.0,11.25,0.65
6.41,730.0,13.2,0.66
6.51,725.0,13.56,0.658
4.22,680.0,9.26,0.66
5.38,690.0,11.5,0.67
5.3,680.0,11.79,0.65
4.5,690.0,9.5,0.69
2.24,580.0,5.55,0.7
2.63,600.0,6.43,0.67
6.34,710.0,13.4,0.67
6.75,730.0,14.59,0.64
4.12,630.0,9.12,0.717
6.51,660.0,14.79,0.667
7.03,700.0,14.25,0.705
3.0,690.0,6.85,0.63
1.58,560.0,4.45,0.63
5.12,690.0,11.3,0.66
6.42,722.0,13.42,0.66
6.1,708.0,13.68,0.63
6.01,727.0,12.91,0.64
5.89,732.0,13.28,0.61
6.73,709.0,13.91,0.68
0.61,498.0,1.92,0.63
7.42,739.4,16.02,0.63
6.91,749.4,15.02,0.61
8.24,719.2,17.83,0.64
7.2,729.2,15.89,0.62
6.31,749.5,13.16,0.639
6.94,749.5,14.52,0.638
7.35,739.4,15.94,0.624
5.24,776.0,12.0,0.5627
6.37,774.0,14.12,0.5827
1.88,674.0,4.2,0.666
6.8,776.0,12.42,0.71
6.39,773.0,12.06,0.69
6.46,794.0,11.78,0.69
7.41,792.0,12.82,0.73
7.7,804.0,13.25,0.73
7.23,813.0,12.3,0.72
5.51,680.0,10.99,0.74
4.8,688.0,9.4,0.737
4.78,672.0,10.27,0.69
4.52,710.0,9.48,0.67
4.88,726.0,10.46,0.64
2.75,583.0,6.5,0.73
1.19,524.0,3.1,0.73
1.29,526.0,3.4,0.72
1.14,525.0,3.0,0.73
3.27,590.0,7.8,0.71
2.64,562.0,6.4,0.73
3.49,630.0,8.1,0.68
3.86,704.0,8.1,0.68
4.36,668.0,9.4,0.69
5.33,760.0,9.7,0.72
7.83,690.0,16.94,0.67
7.62,660.0,16.29,0.71
8.27,720.0,15.76,0.73
2.0,602.0,4.7,0.71
2.3,664.0,4.8,0.72
6.71,720.0,13.5,0.69
6.0,760.0,11.11,0.71
3.06,790.0,6.64,0.59
2.0,700.0,4.62,0.62
2.0,579.0,5.6,0.62
3.61,663.0,8.2,0.67
4.23,709.0,9.1,0.66
4.59,720.0,9.4,0.68
2.76,570.0,7.3,0.65
4.5,697.0,8.5,0.759
3.4,601.0,7.84,0.73
4.02,600.0,8.79,0.76
3.77,678.0,7.5,0.75
4.88,669.0,9.88,0.74
4.01,610.0,8.66,0.76
4.93,770.0,8.59,0.75
3.33,700.0,6.42,0.74
2.43,720.0,4.67,0.72
1.49,620.0,3.78,0.63
3.52,559.0,9.89,0.64
3.92,513.0,12.24,0.62
3.33,596.0,8.72,0.64
4.36,540.0,13.66,0.59
4.41,536.0,13.27,0.62
5.35,574.0,15.5,0.6
5.41,633.0,14.45,0.59
5.98,644.0,14.77,0.63
5.48,647.0,13.61,0.62
3.5,680.0,7.78,0.66
1.8,670.0,4.35,0.62
4.41,648.0,9.58,0.71
2.18,520.0,5.83,0.72
1.48,590.0,3.71,0.67
6.8,700.0,13.26,0.73
7.04,760.0,12.57,0.74
4.1,710.0,8.6,0.67
6.6,800.0,11.6,0.71
7.2,823.0,12.1,0.72
1.7,505.0,5.3,0.65
3.5,613.0,8.5,0.67
5.2,655.0,11.6,0.68
1.81,540.0,4.73,0.71
1.25,540.0,3.13,0.73
3.45,610.0,8.1,0.7
5.63,757.0,11.1,0.67
5.25,750.0,10.6,0.66
3.02,644.0,6.9,0.68
4.7,637.0,10.4,0.71
2.84,740.0,6.1,0.63
6.13,860.0,10.8,0.66
4.85,820.0,9.7,0.61
2.29,700.0,5.2,0.63
4.22,710.0,8.5,0.7
2.86,467.0,8.56,0.71
3.15,411.0,11.21,0.68
4.64,534.0,13.16,0.66
4.59,520.0,12.94,0.67
5.3,550.0,15.03,0.63
7.0,688.2,14.16,0.716
3.21,650.0,7.08,0.7
5.33,660.0,13.39,0.6
2.61,410.0,9.37,0.68
5.93,661.0,11.74,0.764
6.54,664.0,13.38,0.736
6.8,673.0,13.56,0.745
7.05,693.0,14.49,0.702
0.97,689.0,2.19,0.64
3.52,559.0,9.89,0.64
1.18,615.0,2.78,0.69
1.89,662.0,4.1,0.695
1.99,541.0,5.45,0.67
1.29,586.0,3.19,0.691
1.58,580.0,3.99,0.684
2.25,612.0,5.51,0.6674
1.99,610.0,4.86,0.673
5.99,900.0,9.5,0.7
5.75,751.0,11.1,0.69
2.41,540.0,5.7,0.78
4.78,690.0,8.92,0.77
6.67,670.0,13.8,0.72
3.54,580.0,10.6,0.579
4.63,610.0,12.7,0.598
1.67,590.0,5.06,0.561
4.28,562.0,13.2,0.58
5.67,709.0,10.58,0.76
6.83,732.0,12.12,0.76
8.14,739.0,16.39,0.67
6.18,728.0,11.19,0.76
7.54,733.0,13.79,0.75
8.4,741.0,16.8,0.67
5.22,715.0,9.76,0.75
5.41,762.0,9.18,0.77
6.85,733.0,12.68,0.74
7.21,738.0,12.98,0.75
1.66,712.0,3.48,0.57
8.48,743.0,16.76,0.68
7.96,745.0,15.63,0.68
6.34,695.0,13.95,0.65
6.44,722.0,12.95,0.69
5.15,698.0,10.68,0.69
2.27,590.0,5.97,0.6439
3.15,705.0,6.88,0.6474
3.09,743.0,6.14,0.6773
3.8,746.0,8.96,0.5682
3.56,732.0,7.82,0.6211
0.82,509.0,2.63,0.6087
3.26,607.0,7.46,0.691
5.41,730.0,12.28,0.6043
5.9,670.0,11.9,0.741
6.2,686.0,12.5,0.731
6.3,690.0,12.3,0.738
5.8,697.0,11.3,0.742
2.6,614.0,5.9,0.726
3.4,642.0,7.4,0.731
6.42,718.7,12.21,0.732
7.77,720.4,14.57,0.74
6.6,663.7,14.01,0.71
7.43,740.0,15.33,0.66
5.49,670.0,12.66,0.65
2.3,522.0,8.57,0.52
1.8,526.0,6.83,0.5
3.77,546.0,10.44,0.66
2.91,524.0,8.35,0.67
1.15,517.0,3.21,0.69
1.11,474.0,3.57,0.66
7.8,777.0,13.35,0.749
7.0,723.0,12.4,0.779
4.8,860.0,9.06,0.61
3.09,708.0,5.54,0.788
5.14,726.0,8.78,0.807
6.89,702.8,13.86,0.705
6.88,775.0,11.88,0.747
6.39,720.3,11.82,0.751
7.67,744.3,14.32,0.72
4.49,810.0,9.22,0.6
3.94,730.0,8.43,0.67
4.0,670.0,8.67,0.66
4.41,740.0,8.9,0.7
4.03,700.0,8.49,0.68
4.11,740.0,8.58,0.7
4.15,730.0,8.41,0.7
4.32,710.0,8.83,0.66
3.38,700.0,7.17,0.68
5.39,660.0,11.91,0.69
1.02,832.0,1.67,0.622
3.16,612.0,7.01,0.627
3.0,587.0,7.36,0.69
1.12,618.0,2.6,0.6
2.03,608.0,4.78,0.7
6.66,686.0,15.05,0.6453
7.16,662.0,16.88,0.6403
6.19,629.0,15.37,0.6402
5.66,774.0,9.96,0.7343999999999999
6.14,760.0,11.35,0.7116
4.24,713.0,8.37,0.7106
7.15,755.4,12.84,0.737
5.15,650.0,11.48,0.7
6.28,760.0,12.3,0.76
7.14,781.0,13.3,0.72
4.92,640.0,12.18,0.63
5.08,650.0,12.43,0.63
5.37,660.0,13.44,0.6
3.61,630.0,9.65,0.6
3.99,630.0,10.63,0.6
3.97,650.0,11.14,0.55
5.36,660.0,12.83,0.64
5.28,660.0,12.56,0.63
5.17,650.0,13.17,0.6
8.37,830.0,14.61,0.6901
8.06,797.0,14.39,0.7027
4.37,680.0,10.3,0.62
6.57,756.0,12.75,0.6816
6.48,720.0,13.21,0.6808
6.39,692.0,13.56,0.6808
4.58,650.0,11.43,0.62
5.14,650.0,13.86,0.57
5.25,690.0,15.36,0.5
6.17,660.0,16.26,0.58
5.55,660.0,13.07,0.65
7.1,838.0,12.52,0.6768
4.6,680.0,11.24,0.6
7.08,740.0,16.81,0.57
6.12,710.0,14.28,0.6
3.74,580.0,11.88,0.54
6.78,766.0,11.7,0.756
2.91,678.0,5.39,0.797
4.86,642.0,10.6,0.714
4.5,608.0,10.05,0.736
7.03,720.0,12.96,0.753
6.82,677.0,13.37,0.753
3.93,648.0,8.15,0.744
5.66,599.0,13.07,0.723
5.73,702.0,10.39,0.785
4.3,694.0,7.72,0.803
5.14,726.0,8.78,0.807
6.78,766.0,11.7,0.756
3.4,670.0,7.13,0.71
6.6,770.0,11.25,0.76
4.11,571.0,10.4,0.69
4.36,595.0,10.5,0.7
2.3,605.0,5.46,0.7
3.6,603.0,8.73,0.69
1.19,740.0,2.63,0.61
0.96,630.0,2.55,0.6
5.34,660.0,11.9,0.68
3.1,643.0,6.6,0.738
3.8,662.0,7.9,0.728
3.8,670.0,7.6,0.751
3.6,673.0,7.2,0.749
5.6,681.0,11.3,0.732
4.2,660.0,8.6,0.727
3.9,666.0,8.1,0.731
3.31,700.0,6.37,0.74
4.01,710.0,7.52,0.75
8.01,750.0,14.0,0.77
3.1,640.0,8.23,0.6
4.6,680.0,10.77,0.63
5.6,690.0,14.33,0.56
5.4,680.0,12.55,0.63
5.8,670.0,13.97,0.62
4.4,610.0,12.66,0.56
4.9,640.0,13.7,0.56
6.2,650.0,14.6,0.66
5.66,600.0,14.1,0.67
5.89,690.0,13.1,0.65
6.01,680.0,13.2,0.67
2.98,625.0,6.85,0.7
7.2,764.0,12.2,0.77
8.01,753.0,14.0,0.77
5.9,672.0,11.9,0.731
4.92,650.0,10.99,0.69
4.7,690.0,10.56,0.65
3.01,618.0,7.52,0.65
5.98,642.0,14.1,0.66
6.13,650.0,14.8,0.64
7.06,845.0,12.3,0.68
6.77,830.0,12.0,0.68
7.8,754.0,15.0,0.69
5.43,650.0,12.3,0.68
4.37,465.0,14.32,0.66
4.54,500.0,13.08,0.69
3.13,405.0,11.86,0.65
5.29,640.0,11.04,0.749
4.7,660.0,10.2,0.698
4.2,620.0,10.44,0.649
5.83,650.0,12.69,0.707
2.0,494.0,5.8,0.7
1.6,497.0,4.54,0.69
3.2,509.0,9.3,0.68
8.33,870.0,14.3,0.67
6.52,780.0,12.5,0.67
7.61,830.0,13.9,0.66
7.47,839.0,13.5,0.66
7.12,830.0,13.0,0.66
8.59,855.0,15.0,0.67
7.2,900.0,12.0,0.69
9.69,920.0,15.5,0.68
4.92,660.0,11.02,0.68
5.15,660.0,11.69,0.67
4.98,660.0,11.12,0.68
7.63,621.0,14.9,0.7
4.66,670.0,10.67,0.65
4.12,740.0,7.95,0.7
4.74,674.0,10.89,0.65
4.83,670.0,11.04,0.65
4.78,690.0,10.56,0.66
5.08,690.0,11.33,0.65
5.22,710.0,11.29,0.65
4.52,672.0,9.97,0.67
4.94,664.0,11.5,0.65
5.01,676.0,10.88,0.68
4.2,680.0,9.44,0.66
5.04,700.0,10.75,0.67
4.13,688.0,9.27,0.65
4.96,620.0,11.77,0.68
4.07,673.0,9.33,0.65
4.44,692.0,10.65,0.6
3.33,680.0,6.8,0.72
3.58,432.0,12.0,0.69
4.2,462.0,14.19,0.64
6.1,762.0,10.6,0.75
5.19,619.0,14.3,0.587
3.62,610.0,8.89,0.67
6.2,741.0,11.4,0.74
4.9,704.0,8.8,0.78
5.5,724.0,10.0,0.75
5.1,701.0,10.5,0.7
4.5,665.0,9.1,0.74
2.93,640.0,6.4,0.72
2.47,596.0,6.1,0.68
2.86,609.0,7.3,0.64
3.01,656.0,7.1,0.65
4.82,652.0,11.5,0.64
1.7,570.0,4.4,0.67
5.6,700.0,11.7,0.68
4.9,720.0,12.9,0.53
4.3,630.0,11.9,0.57
5.2,680.0,12.0,0.64
6.05,735.0,11.34,0.73
5.17,614.0,11.81,0.72
5.5,724.0,10.01,0.75
4.0,750.0,8.22,0.65
5.78,660.0,12.96,0.68
5.86,630.0,13.38,0.7
4.71,565.0,11.71,0.71
5.45,752.0,10.13,0.75
5.48,706.0,10.52,0.74
5.55,728.0,10.51,0.73
5.31,731.0,10.65,0.6818
4.7,758.0,9.4,0.6645
5.0,710.0,12.6,0.57
6.24,770.0,10.41,0.78
4.9,704.0,8.85,0.78
4.49,665.0,9.08,0.74
3.1,600.0,7.39,0.7
0.56,450.0,1.77,0.7
4.02,610.0,9.71,0.68
6.29,690.0,12.48,0.73
7.91,710.0,14.86,0.75
3.52,730.0,7.19,0.67
4.1,700.0,8.88,0.66
5.12,700.0,10.89,0.67
5.0,600.0,11.2,0.75
4.25,770.0,8.5,0.65
5.19,697.0,11.3,0.66
8.0,734.0,14.33,0.76
7.0,676.0,14.06,0.74
7.74,790.0,15.35,0.64
8.04,788.0,11.87,0.68
7.6,778.0,8.74,0.71
7.4,768.0,6.73,0.72
7.89,752.0,4.54,0.73
6.79,700.0,1.31,0.74
5.44,770.0,12.41,0.5719
6.67,670.0,13.5,0.72
4.01,640.0,9.21,0.68
4.32,670.0,9.38,0.7
5.28,660.0,11.35,0.72
4.38,640.0,9.75,0.69
3.81,620.0,9.74,0.63
4.85,600.0,12.13,0.67
5.05,680.0,11.62,0.71
6.15,695.0,12.21,0.72
6.97,915.0,11.2,0.68
2.95,765.0,5.6,0.69
9.02,867.0,15.3,0.68
4.3,760.0,7.97,0.71
7.44,830.0,13.0,0.69
7.57,883.0,12.8,0.67
6.86,721.0,14.2,0.67
4.79,738.0,9.4,0.69
5.32,626.0,12.5,0.68
8.32,827.0,14.8,0.68
7.2,670.0,15.8,0.68
5.59,783.0,10.2,0.7
6.27,658.0,13.8,0.69
4.03,648.0,9.49,0.66
5.49,651.0,12.97,0.65
7.23,667.0,16.73,0.65
3.65,604.0,8.37,0.72
5.32,621.0,12.26,0.7
6.29,647.0,14.19,0.69
5.36,690.0,10.81,0.72
3.79,800.0,8.0,0.75
7.01,630.0,16.94,0.66
3.34,640.0,7.4,0.71
2.6,610.0,7.1,0.59
5.22,660.0,11.19,0.7
5.19,670.0,11.2,0.69
4.58,680.0,9.99,0.68
4.73,670.0,10.84,0.65
6.31,710.0,13.0,0.69
4.71,671.0,10.48,0.67
5.06,695.0,10.78,0.68
6.24,769.0,13.7,0.59
7.67,692.0,16.3,0.68
4.9,690.0,9.5,0.75
3.91,633.0,8.96,0.69
7.21,699.0,14.99,0.69
2.05,572.0,6.11,0.585
3.34,587.0,7.89,0.722
10.21,810.0,17.54,0.72
9.02,780.0,16.86,0.69
7.6,780.0,15.54,0.62
9.83,800.0,16.97,0.72
9.37,800.0,16.4,0.71
9.13,810.0,15.98,0.7
8.12,810.0,15.39,0.65
11.18,811.0,18.79,0.7331
4.52,650.0,8.2,0.85
4.4,640.0,9.21,0.75
4.99,700.0,9.17,0.78
4.19,582.0,10.6,0.68
2.6,580.0,7.3,0.62
8.26,900.0,13.5,0.68
6.37,741.0,13.11,0.65
4.03,662.0,9.31,0.65
4.01,655.0,9.01,0.68
6.78,721.0,14.51,0.65
7.12,685.0,17.61,0.59
6.0,710.0,11.75,0.72
5.75,707.0,11.71,0.69
3.49,601.0,7.83,0.74
2.94,619.0,6.68,0.71
3.5,631.0,7.47,0.74
2.66,615.0,6.46,0.67
6.45,702.0,14.28,0.64
5.8,698.0,12.63,0.66
6.94,658.0,16.47,0.64
5.71,648.0,12.89,0.68
6.25,765.0,11.85,0.69
5.06,700.0,10.35,0.69
3.38,620.0,7.38,0.74
2.6,730.0,4.82,0.74
4.4,610.0,10.5,0.68
6.21,752.0,10.46,0.785
7.09,742.0,12.79,0.7467
7.4,694.0,14.38,0.7429
5.0,564.0,12.4,0.68
3.7,555.0,8.4,0.76
5.5,609.0,12.0,0.72
6.6,679.0,12.5,0.75
3.8,558.0,8.7,0.75
7.5,612.0,17.6,0.67
8.5,598.0,9.7,0.71
10.4,568.0,2.4,0.75
7.7,606.0,14.8,0.68
9.0,591.0,6.7,0.73
8.6,621.0,18.9,0.69
7.67,680.0,15.6,0.73
8.31,690.0,16.9,0.71
8.6,720.0,17.0,0.7
5.05,790.0,8.7,0.74
2.38,500.0,7.53,0.63
6.56,760.0,12.2,0.71
3.59,694.0,7.44,0.697
4.35,704.0,8.61,0.717
3.79,704.0,7.69,0.701
2.96,734.0,5.57,0.725
3.59,694.0,7.44,0.697
4.2,590.0,10.1,0.71
1.8,618.0,3.7,0.75
3.01,736.0,5.81,0.706
3.81,725.0,7.54,0.698
2.96,734.0,5.57,0.725
2.24,685.0,4.68,0.7
2.64,729.0,5.09,0.711
1.15,580.0,3.15,0.632
4.4,731.0,10.0,0.584
4.11,630.0,8.6,0.75
1.51,510.0,5.33,0.55
3.36,640.0,7.99,0.66
2.02,530.0,6.26,0.61
2.28,640.0,4.96,0.72
4.83,680.0,9.99,0.71
5.81,750.0,11.36,0.68
5.52,708.2,12.03,0.65
6.81,738.1,14.01,0.66
6.36,796.0,10.91,0.74
6.29,728.0,12.16,0.71
8.65,828.0,14.11,0.74
7.17,765.0,12.34,0.76
2.78,623.0,5.71,0.78
5.31,537.0,15.49,0.64
4.22,660.0,9.03,0.71
2.2,640.0,6.5,0.52
3.4,600.0,7.9,0.72
3.3,640.0,7.6,0.68
4.88,633.0,11.19,0.688
4.76,680.0,9.93,0.71
5.04,700.0,10.13,0.71
5.81,750.0,11.01,0.71
4.53,580.0,11.88,0.66
4.77,630.0,10.98,0.69
4.9,580.0,14.12,0.6
6.14,670.0,14.21,0.64
0.86,625.0,2.59,0.53
4.95,664.0,10.79,0.691
3.62,590.0,9.69,0.63
3.9,700.0,10.2,0.55
6.3,760.0,15.6,0.59
5.68,827.0,9.43,0.728
4.35,840.0,7.56,0.685
6.42,877.0,9.84,0.743
3.93,850.0,6.08,0.76
4.48,875.0,6.67,0.77
1.35,755.0,3.45,0.524
5.15,638.0,11.68,0.696
3.88,632.0,8.99,0.683
3.62,635.0,8.33,0.685
7.69,670.0,15.23,0.758
6.23,640.0,12.72,0.767
5.18,744.0,9.2,0.7559
7.12,653.0,14.7,0.7417
8.2,710.0,17.83,0.65
5.76,736.0,11.5,0.68
5.42,660.0,10.56,0.774
8.67,880.0,14.5,0.68
5.67,669.5,11.51,0.7314
7.0,731.8,13.26,0.723
2.98,625.0,6.85,0.7
4.71,565.0,11.71,0.71
4.65,763.0,8.8,0.69
4.26,730.0,8.51,0.69
4.55,740.0,8.62,0.71
5.15,770.0,9.69,0.7
4.39,720.0,9.17,0.66
3.95,690.0,8.65,0.66
3.97,720.0,8.02,0.69
4.2,700.0,9.28,0.65
4.24,740.0,8.8,0.65
3.83,690.0,7.88,0.7
7.1,653.0,14.5,0.742
8.0,678.0,16.0,0.732
3.53,618.0,8.19,0.697
2.8,609.0,6.4,0.717
1.99,555.0,5.06,0.709
2.86,664.0,5.85,0.738
3.09,627.0,6.89,0.715
1.3,618.0,2.85,0.724
0.77,593.0,1.02,0.78
3.23,637.0,6.81,0.732
3.08,600.0,7.61,0.662
4.7,670.0,11.43,0.62
6.65,700.0,14.39,0.66
2.79,670.0,5.88,0.71
3.11,670.0,6.6,0.7
6.73,723.0,13.5,0.69
4.62,730.0,9.4,0.67
5.11,750.0,9.78,0.69
3.08,650.0,6.68,0.71
2.85,630.0,6.15,0.74
6.27,709.0,13.2,0.67
4.49,584.0,12.7,0.605
3.39,465.0,12.3,0.593
5.46,642.0,14.5,0.586
5.0,628.0,12.06,0.65
7.53,686.0,16.63,0.64
7.2,685.0,16.36,0.63
9.05,707.0,18.55,0.67
8.55,653.0,18.19,0.72
8.07,664.0,17.01,0.71
8.43,784.0,13.02,0.66
8.22,774.0,9.87,0.68
7.5,760.0,7.27,0.68
8.59,748.0,5.23,0.7
7.26,693.0,1.48,0.71
6.84,649.0,15.89,0.66
2.4,640.0,5.28,0.69
8.13,693.0,16.48,0.71
3.85,723.0,10.3,0.517
4.62,722.0,11.2,0.571
6.04,750.0,10.91,0.74
4.23,720.0,8.16,0.72
9.69,830.0,16.16,0.7209
8.2,773.0,14.74,0.7186
4.32,707.0,8.67,0.7045
6.53,735.0,13.4,0.66
6.25,739.0,12.8,0.66
3.47,580.0,9.2,0.65
3.09,583.0,8.0,0.66
4.01,660.0,8.98,0.68
4.69,600.0,12.07,0.64
5.19,620.0,12.22,0.69
4.74,733.0,9.68,0.65
4.81,764.0,11.73,0.54
4.49,711.0,9.11,0.66
4.57,721.0,9.82,0.67
6.45,752.0,12.53,0.66
6.69,774.0,14.21,0.65
6.02,755.0,11.32,0.69
6.11,743.0,11.54,0.7
5.31,731.0,10.65,0.6818
4.7,758.0,9.4,0.6645
5.44,770.0,12.41,0.5719
5.9,698.0,12.79,0.66
4.76,557.0,13.95,0.61
2.9,604.0,6.73,0.71
1.29,616.0,2.81,0.74
7.5,653.0,17.85,0.64
7.8,663.0,17.19,0.69
3.05,570.0,7.65,0.7
5.42,650.0,12.84,0.65
4.88,670.0,10.88,0.67
7.81,663.0,17.19,0.69
6.57,625.0,17.41,0.6
5.39,667.0,12.61,0.64
6.41,672.0,14.69,0.65
7.19,681.0,17.29,0.61
6.55,706.0,13.04,0.71
6.09,690.0,12.89,0.69
7.49,653.0,17.85,0.64
1.97,590.0,5.3,0.63
5.28,660.0,11.77,0.68
5.54,650.0,12.36,0.69
5.94,667.0,13.29,0.67
5.81,671.0,13.26,0.65
5.72,659.0,12.4,0.709
8.08,746.0,16.17,0.67
7.21,763.0,14.07,0.671
5.79,728.0,10.81,0.736
6.94,661.0,14.49,0.723
9.02,751.0,17.05,0.706
8.24,809.0,14.0,0.7271
5.9,667.0,13.29,0.67
8.19,767.0,15.11,0.707
6.67,731.0,12.22,0.745
7.88,670.0,17.82,0.67
6.35,660.0,14.33,0.66
6.14,680.0,13.48,0.68
4.59,620.0,9.98,0.74
3.46,598.0,7.84,0.74
4.99,628.0,10.82,0.73
4.11,687.0,8.59,0.69
6.72,734.0,13.21,0.69
4.8,722.0,10.0,0.66
4.9,687.0,10.9,0.65
5.4,708.0,11.7,0.66
5.05,641.0,10.9,0.725
5.01,616.0,5.45,0.745
4.75,558.0,1.1,0.766
4.51,662.0,9.65,0.706
4.5,640.0,4.84,0.726
4.3,584.0,0.99,0.736
2.9,690.0,5.99,0.69
3.82,670.0,8.32,0.68
4.99,660.0,10.9,0.69
3.33,585.0,7.87,0.72
7.82,745.0,15.21,0.69
6.19,825.0,11.03,0.68
7.41,805.0,13.34,0.69
6.93,721.0,13.92,0.69
8.01,817.0,14.02,0.7
8.11,810.0,14.33,0.7
6.79,679.0,14.51,0.69
5.34,690.0,10.5,0.73
6.89,730.0,13.26,0.71
7.02,700.0,14.26,0.7
4.77,600.0,13.47,0.59
4.79,570.0,14.2,0.6
6.16,610.0,18.14,0.56
6.18,640.0,16.79,0.58
4.8,580.0,12.93,0.64
5.25,600.0,13.54,0.64
6.9,670.0,16.48,0.64
5.7,620.0,13.4,0.62
6.15,630.0,16.0,0.63
2.1,410.0,8.8,0.57
1.4,410.0,6.2,0.55
2.1,430.0,9.0,0.54
4.98,658.0,12.7,0.6
5.29,638.0,13.3,0.63
4.22,678.0,10.1,0.61
4.97,646.0,12.5,0.62
6.11,753.0,11.2,0.725
5.04,750.0,9.42,0.713
5.94,744.0,11.1,0.719
6.05,710.0,12.27,0.695
5.99,716.0,11.51,0.727
5.88,727.0,11.46,0.705
4.65,672.0,9.63,0.719
5.01,657.0,12.43,0.614
4.9,650.0,10.6,0.71
0.9,548.0,2.37,0.7
1.21,512.0,3.72,0.63
1.63,547.0,4.31,0.692
2.47,617.0,5.48,0.73
3.78,634.0,8.27,0.72
4.09,645.0,8.82,0.72
0.95,470.0,3.26,0.62
0.83,520.0,2.62,0.61
1.1,490.0,3.56,0.63
0.94,540.0,2.73,0.63
0.88,490.0,3.0,0.6
1.28,520.0,3.87,0.64
5.65,770.0,10.04,0.73
5.19,780.0,9.12,0.73
9.58,925.0,15.01,0.69
2.2,450.0,9.2,0.52
3.3,480.0,13.7,0.5
0.8,520.0,0.8,0.62
1.6,550.0,4.4,0.64
0.6,370.0,3.3,0.52
3.79,682.0,7.83,0.71
4.41,668.0,10.88,0.61
4.54,710.0,9.7,0.66
1.75,600.0,4.29,0.67
0.99,510.0,2.98,0.65
2.7,570.0,7.6,0.62
1.42,500.0,5.19,0.55
2.31,590.0,5.81,0.68
2.73,560.0,7.34,0.67
1.4,670.0,2.8,0.62
0.6,518.0,1.1,0.51
1.7,712.0,3.5,0.57
3.9,750.0,8.0,0.55
1.1,576.0,3.0,0.54
5.2,580.0,12.08,0.74
5.43,680.0,9.4,0.85
3.79,550.0,9.2,0.75
8.69,850.0,14.62,0.7
1.8,420.0,7.8,0.54
2.0,440.0,8.9,0.52
6.1,660.0,12.9,0.71
6.3,650.0,13.6,0.71
7.38,685.0,16.59,0.65
7.1,635.0,16.95,0.66
6.75,620.0,17.3,0.63
6.65,630.0,16.8,0.63
5.49,570.0,16.53,0.58
5.34,565.0,16.77,0.53
5.7,612.0,12.68,0.73
1.3,503.0,3.65,0.69
1.53,550.0,3.71,0.75
1.0,510.0,2.63,0.75
6.5,940.0,9.51,0.73
5.8,770.0,10.07,0.74
7.1,900.0,10.72,0.73
6.3,790.0,10.68,0.75
8.6,860.0,13.26,0.75
7.7,810.0,12.24,0.77
4.07,610.0,9.8,0.68
8.37,852.0,14.8,0.66
8.22,821.0,14.3,0.7
8.18,818.0,14.5,0.69
9.8,876.0,14.1,0.78
8.6,755.0,14.8,0.77
10.3,840.0,16.2,0.76
9.9,754.0,1.6,0.78
5.56,582.0,13.16,0.73
8.12,741.0,15.41,0.711
7.28,741.0,14.4,0.682
7.79,771.0,14.69,0.688
9.0,803.0,15.76,0.712
9.22,876.0,15.26,0.689
7.57,767.0,14.83,0.666
7.7,739.0,7.52,0.692
6.45,651.0,1.48,0.672
8.84,797.0,15.58,0.712
8.77,770.0,7.81,0.729
7.78,695.0,1.56,0.717
9.6,882.0,15.71,0.693
10.11,862.0,8.03,0.73
9.86,805.0,1.64,0.742
0.69,497.0,2.04,0.68
1.64,530.0,4.58,0.68
1.88,550.0,5.22,0.66
1.14,500.0,3.55,0.61
2.34,560.0,6.77,0.62
2.51,580.0,6.86,0.63
1.82,540.0,5.16,0.65
9.22,885.0,15.2,0.68
10.4,815.0,8.5,0.77
10.4,823.0,10.6,0.77
11.1,829.0,1.6,0.78
11.1,887.0,8.3,0.75
10.7,893.0,10.2,0.74
9.0,904.0,12.6,0.78
3.34,610.0,8.31,0.66
6.12,728.0,12.61,0.667
6.28,695.0,13.22,0.683
7.13,786.0,13.44,0.675
8.21,775.0,15.06,0.704
9.83,737.0,18.3,0.729
8.18,649.0,17.51,0.72
9.2,740.0,17.6,0.71
9.0,711.0,18.3,0.694
10.4,731.0,19.8,0.72
6.8,732.0,13.2,0.7
9.0,715.0,18.3,0.686
8.3,733.0,16.0,0.71
3.5,510.0,9.7,0.52
8.1,755.0,14.83,0.72
7.5,756.0,13.21,0.75
6.6,752.0,12.0,0.73
5.3,705.0,10.27,0.73
4.9,694.0,9.69,0.73
6.1,731.0,11.94,0.7
5.8,736.0,11.55,0.68
4.5,696.0,9.6,0.68
4.0,683.0,8.65,0.68
3.3,682.0,7.01,0.69
3.9,708.0,8.19,0.67
5.33,710.0,12.11,0.62
6.61,740.0,14.42,0.62
6.86,740.0,14.71,0.63
1.0,520.0,2.5,0.78
1.43,580.0,3.72,0.66
3.56,630.0,9.25,0.61
3.34,620.0,7.92,0.68
6.9,737.0,13.24,0.71
5.0,560.0,3.33,0.53
2.12,560.0,5.83,0.65
4.08,610.0,10.29,0.65
4.34,416.0,20.04,0.5203
3.58,630.0,8.36,0.69
1.4,600.0,3.6,0.66
3.1,560.0,8.1,0.69
5.0,668.0,9.8,0.76
5.4,670.0,10.8,0.74
8.0,696.0,14.7,0.76
1.5,456.0,4.3,0.72
3.2,557.0,7.3,0.76
2.8,498.0,7.4,0.73
5.5,579.0,13.39,0.71
0.77,518.0,2.35,0.63
0.86,500.0,2.66,0.64
3.07,602.0,7.87,0.65
3.45,579.0,9.29,0.64
0.63,454.0,2.5,0.56
4.38,751.0,10.0,0.586
8.8,659.1,4.47,0.783
8.4,677.5,8.65,0.762
7.6,693.0,14.96,0.736
3.1,632.0,6.65,0.738
6.27,699.0,12.89,0.696
6.02,681.0,14.5,0.61
5.34,635.0,14.01,0.6
6.12,663.0,14.67,0.63
5.43,619.0,14.15,0.62
6.01,642.0,15.14,0.62
3.32,404.0,14.24,0.5777
5.27,690.0,12.33,0.62
4.59,640.0,12.17,0.59
7.02,630.0,16.97,0.65
5.56,650.0,13.75,0.62
2.6,550.0,7.94,0.59
7.28,630.0,16.98,0.68
4.45,590.0,12.43,0.6
6.95,640.0,16.82,0.65
7.87,650.0,17.59,0.68
6.67,660.0,14.73,0.68
5.1,610.0,12.92,0.65
4.51,791.0,5.94,0.67
3.97,801.0,5.85,0.59
7.63,745.0,12.21,0.59
5.8,731.0,7.87,0.7
4.51,627.0,11.59,0.62
6.33,620.0,15.63,0.66
7.5,630.0,17.55,0.68
5.34,600.0,12.83,0.69
3.7,590.0,9.3,0.68
4.6,710.0,9.6,0.69
5.8,680.0,12.5,0.69
3.6,810.0,7.0,0.64
5.85,592.0,14.64,0.692
3.21,640.0,6.96,0.72
3.22,650.0,6.8,0.73
3.33,670.0,7.1,0.7
3.49,670.0,7.33,0.71
3.29,670.0,7.15,0.69
3.5,670.0,7.35,0.71
3.43,670.0,7.21,0.71
3.23,680.0,7.11,0.67
3.34,640.0,8.04,0.66
3.29,630.0,7.25,0.72
4.12,640.0,9.19,0.7
4.37,670.0,9.31,0.7
3.54,620.0,8.27,0.69
3.76,640.0,8.78,0.67
4.4,650.0,10.1,0.67
4.55,660.0,10.6,0.65
4.11,650.0,9.03,0.7
4.97,620.0,11.11,0.72
6.02,681.0,14.5,0.61
3.75,630.0,8.9,0.67
5.7,757.0,7.87,0.67
1.41,457.0,6.17,0.5
3.35,650.0,10.3,0.5
4.7,653.0,10.8,0.672
5.5,662.0,12.57,0.663
6.4,655.0,15.14,0.64
2.4,563.0,6.37,0.658
4.3,630.0,10.26,0.659
7.4,709.0,16.3,0.64
5.34,635.0,14.01,0.6
6.36,651.0,16.0,0.61
6.12,663.0,14.67,0.63
7.55,705.0,16.96,0.64
7.02,646.0,16.87,0.64
10.95,795.0,18.42,0.7473
11.62,818.0,18.83,0.7544
12.25,879.0,18.16,0.7675
7.68,878.0,12.02,0.73
6.82,763.0,12.93,0.69
9.24,827.0,16.27,0.69
2.12,615.0,5.1,0.68
3.09,548.0,8.13,0.69
5.1,680.0,11.1,0.67
8.9,641.3,2.52,0.791
5.04,672.0,12.11,0.62
9.63,807.0,16.07,0.744
3.07,680.0,6.13,0.73
5.95,748.0,12.1,0.657
5.7,792.0,10.8,0.667
5.65,739.0,11.7,0.653
5.66,674.0,13.6,0.617
5.44,692.0,12.3,0.639
5.24,728.0,11.5,0.626
5.84,774.0,11.7,0.645
8.06,690.0,17.7,0.66
7.47,670.0,16.9,0.66
6.27,620.0,15.8,0.64
6.59,650.0,15.6,0.65
7.18,670.0,16.0,0.67
0.5,600.0,1.32,0.624
0.6,560.0,1.52,0.704
0.81,620.0,1.85,0.705
4.9,612.0,10.77,0.74
7.58,644.0,16.23,0.726
0.8,510.0,2.3,0.68
2.7,570.0,6.8,0.69
1.2,530.0,3.4,0.68
4.8,610.0,12.5,0.62
2.8,550.0,7.5,0.69
7.09,788.0,15.79,0.57
7.87,784.0,16.45,0.61
6.5,773.0,15.57,0.54
4.9,605.0,13.1,0.562
3.76,385.0,16.65,0.5862
3.78,399.0,15.86,0.5963
4.8,610.0,11.5,0.67
4.4,610.0,10.4,0.7
4.1,630.0,9.7,0.67
0.7,480.0,2.1,0.69
4.5,560.0,11.6,0.66
3.2,550.0,8.6,0.67
5.4,630.0,13.3,0.64
6.3,710.0,13.2,0.67
5.87,875.0,4.4,0.76
5.44,804.0,0.8,0.784
6.69,942.0,10.02,0.674
6.98,907.0,5.31,0.717
6.46,815.0,0.95,0.767
6.89,929.0,10.14,0.698
7.02,900.0,5.31,0.736
6.89,823.0,1.0,0.774
5.5,798.0,11.06,0.596
5.85,774.0,5.67,0.656
5.06,703.0,0.98,0.683
7.51,902.0,10.96,0.764
7.64,870.0,5.8,0.785
7.0,799.0,1.05,0.803
5.8,960.0,9.77,0.62
7.7,900.0,11.65,0.73
6.8,970.0,9.81,0.71
5.6,895.0,9.4,0.67
10.1,719.0,19.33,0.724
9.1,742.0,17.05,0.718
6.96,694.0,13.68,0.73
7.18,705.0,13.62,0.74
2.15,580.0,6.5,0.57
2.27,630.0,5.7,0.63
2.67,650.0,6.62,0.62
2.54,660.0,5.53,0.7
3.55,630.0,9.65,0.59
3.14,580.0,8.55,0.63
3.99,670.0,9.12,0.66
2.65,570.0,8.92,0.52
9.5,863.0,1.6,0.69
10.2,862.0,1.6,0.72
10.5,859.0,1.7,0.72
10.3,833.0,1.6,0.76
7.8,921.0,7.0,0.61
10.2,919.0,7.9,0.7
9.1,904.0,8.1,0.63
10.6,893.0,8.1,0.74
6.3,937.0,12.1,0.55
9.5,936.0,14.8,0.69
7.9,917.0,14.5,0.59
10.3,910.0,15.9,0.71
6.8,661.0,15.99,0.65
8.3,713.0,16.26,0.719
8.57,802.0,16.08,0.66
4.24,714.0,10.5,0.567
4.23,703.0,10.5,0.575
2.96,695.0,6.5,0.657
1.4,520.0,4.0,0.66
3.1,560.0,7.9,0.7
3.9,640.0,9.2,0.66
6.43,679.0,12.89,0.73
4.11,620.0,10.81,0.61
3.63,620.0,9.8,0.6
5.06,640.0,11.67,0.68
6.22,690.0,12.17,0.73
8.34,730.0,15.81,0.72
3.92,560.0,11.19,0.62
4.36,620.0,10.61,0.66
4.12,620.0,11.16,0.6
4.09,590.0,10.28,0.67
4.35,650.0,10.36,0.65
4.15,640.0,9.83,0.66
4.48,660.0,11.04,0.61
5.77,904.0,8.45,0.729
6.1,710.0,12.3,0.69
5.2,700.0,10.7,0.69
3.76,630.0,8.2,0.73
2.0,630.0,4.4,0.71
4.1,610.0,10.2,0.66
2.8,680.0,6.4,0.64
1.2,600.0,3.0,0.64
6.05,674.0,14.0,0.64
6.54,663.0,15.8,0.62
6.29,813.0,11.0,0.701
2.22,700.0,4.23,0.75
3.6,695.0,7.1,0.73
5.41,707.0,11.9,0.644
5.16,816.0,9.9,0.639
5.29,852.0,8.8,0.632
5.59,812.0,9.6,0.716
5.74,843.0,10.4,0.658
6.86,796.0,13.3,0.647
7.99,829.0,14.1,0.684
8.37,819.0,14.7,0.695
7.09,817.0,12.9,0.673
4.35,707.0,9.03,0.681
4.81,724.0,9.71,0.684
5.02,712.0,10.8,0.652
5.19,774.0,10.0,0.671
5.44,769.0,10.3,0.687
5.24,732.0,10.7,0.669
6.02,690.0,12.45,0.7
4.55,644.0,10.83,0.65
5.13,651.0,11.58,0.68
1.2,580.0,3.1,0.66
3.0,670.0,6.9,0.66
3.8,680.0,8.3,0.68
3.0,670.0,6.7,0.67
3.5,660.0,8.3,0.63
5.1,680.0,10.0,0.74
1.65,543.0,4.43,0.68
0.97,594.0,2.41,0.68
1.08,593.0,2.73,0.67
2.41,566.0,6.52,0.65
2.72,568.0,7.38,0.65
2.3,543.0,6.77,0.63
2.68,562.0,7.77,0.62
3.4,690.0,7.6,0.64
2.1,640.0,5.0,0.66
3.2,720.0,6.9,0.65
4.6,760.0,9.4,0.64
3.7,720.0,8.3,0.62
3.1,660.0,7.1,0.66
0.55,550.0,1.7,0.6
1.1,570.0,3.0,0.67
3.3,710.0,7.7,0.61
2.4,640.0,6.0,0.63
3.7,690.0,8.6,0.63
2.9,660.0,7.1,0.62
0.91,620.0,2.3,0.64
5.87,701.0,12.7,0.66
4.59,660.0,11.03,0.63
3.38,660.0,7.95,0.64
5.01,660.0,11.82,0.65
4.31,630.0,10.63,0.64
1.92,620.0,5.12,0.61
1.6,590.0,4.78,0.57
2.1,630.0,5.0,0.67
4.53,620.0,12.11,0.61
3.43,560.0,9.55,0.64
3.69,630.0,9.44,0.62
8.42,680.0,17.43,0.71
6.88,626.0,15.56,0.7
3.08,620.0,6.95,0.714
1.79,680.0,3.88,0.68
3.6,644.0,8.15,0.685
3.4,650.0,7.82,0.66
3.94,504.0,12.72,0.614
4.36,525.0,12.28,0.676
3.82,462.0,15.7,0.527
4.02,591.0,12.72,0.525
5.03,572.0,13.51,0.651
4.09,529.0,13.87,0.556
1.42,442.0,5.42,0.591
0.91,403.0,3.56,0.633
6.05,797.0,11.9,0.638
1.04,577.46,2.89,0.53
1.43,373.0,6.32,0.608
2.91,508.0,9.88,0.58
2.01,462.0,8.69,0.502
3.71,510.0,10.89,0.668
3.31,447.0,14.69,0.504
8.43,656.0,18.99,0.678
8.85,644.0,19.86,0.694
9.4,710.0,18.68,0.707
1.79,568.0,4.63,0.67
4.58,725.0,10.38,0.62
4.46,651.0,10.63,0.64
2.53,632.0,6.43,0.65
1.04,552.0,3.07,0.61
3.37,698.0,9.39,0.51
2.38,640.0,7.76,0.51
2.34,630.0,6.13,0.56
3.86,601.0,8.46,0.76
8.56,657.0,17.5,0.74
7.22,618.0,16.25,0.72
8.29,646.0,17.82,0.72
7.63,692.0,17.26,0.64
8.99,689.0,18.28,0.71
8.15,689.0,16.99,0.7
2.4,640.0,5.6,0.66
8.26,638.0,19.08,0.682
8.4,702.0,17.88,0.67
8.56,649.0,17.95,0.73
8.9,661.0,17.93,0.74
9.02,702.0,18.15,0.71
9.04,696.0,18.0,0.72
8.49,649.0,18.53,0.71
5.09,614.0,12.28,0.68
6.84,627.0,15.29,0.72
3.99,622.0,9.77,0.65
5.08,639.0,11.63,0.68
6.51,645.0,18.75,0.538
5.5,584.0,17.5,0.538
5.6,628.0,17.38,0.513
5.93,569.0,19.56,0.533
3.0,690.0,6.22,0.7
4.0,670.0,8.1,0.74
4.4,680.0,8.5,0.76
5.1,730.0,9.5,0.74
7.4,700.0,13.8,0.77
7.8,700.0,14.6,0.76
7.3,660.0,15.0,0.74
2.57,558.0,7.8,0.59
1.84,581.0,5.0,0.64
2.04,578.0,6.0,0.59
1.04,403.0,5.1,0.52
4.12,620.0,9.35,0.71
3.82,640.0,8.3,0.72
5.87,628.0,14.16,0.66
2.06,557.0,5.8,0.64
2.42,579.0,6.7,0.63
0.74,457.0,2.7,0.61
2.55,539.0,8.6,0.55
4.31,710.0,9.46,0.64
4.31,690.0,10.25,0.61
6.85,639.0,14.3,0.75
4.64,629.0,10.4,0.71
5.31,604.0,12.91,0.68
6.78,633.0,14.28,0.75
7.76,672.0,15.0,0.77
7.23,673.0,14.15,0.76
3.5,640.0,7.63,0.72
3.6,690.0,6.89,0.75
3.9,670.0,8.0,0.72
3.7,570.0,8.74,0.74
6.9,686.0,14.8,0.68
5.87,640.0,13.3,0.69
5.64,750.0,11.4,0.66
6.2,676.0,13.5,0.68
5.93,770.0,11.5,0.67
7.18,650.0,16.0,0.69
7.69,635.0,17.8,0.68
7.06,775.0,13.6,0.67
5.29,720.0,10.8,0.68
2.6,650.0,6.0,0.66
5.07,589.0,11.8,0.73
6.86,800.0,13.0,0.66
6.62,631.0,15.2,0.69
7.05,620.0,16.5,0.69
5.58,708.0,11.6,0.68
3.62,635.0,8.5,0.67
6.5,655.0,14.0,0.68
6.38,630.0,14.9,0.68
6.03,762.0,12.0,0.66
4.26,718.0,9.0,0.66
1.48,520.0,4.5,0.63
4.68,560.0,13.18,0.63
6.11,600.0,15.66,0.65
2.35,600.0,5.39,0.74
5.7,720.0,10.8,0.732
3.5,650.0,7.63,0.72
3.6,802.0,6.89,0.75
3.9,936.0,8.0,0.72
3.7,791.0,8.74,0.74
3.4,930.0,7.82,0.66
3.0,826.0,6.22,0.7
6.21,671.0,13.35,0.693
5.87,662.0,13.25,0.669
8.61,709.0,17.84,0.681
9.72,694.0,19.84,0.706
4.0,770.0,8.2,0.64
6.2,710.0,12.7,0.68
3.2,600.0,8.64,0.68
4.22,600.0,11.22,0.64
4.36,580.0,11.43,0.64
4.04,640.0,9.8,0.65
4.58,580.0,11.59,0.68
4.79,560.0,13.31,0.68
10.65,890.0,16.25,0.737
10.93,870.0,8.28,0.759
10.69,815.0,1.68,0.779
5.97,615.0,13.77,0.705
8.15,672.0,16.91,0.717
4.42,623.0,11.25,0.63
4.59,649.0,10.89,0.65
4.72,650.0,10.58,0.69
4.54,644.0,10.25,0.69
5.11,748.0,10.06,0.68
4.03,622.0,10.0,0.65
5.04,753.0,9.85,0.68
4.85,738.0,9.53,0.69
4.65,705.0,9.14,0.72
8.38,791.0,15.79,0.67
7.12,796.0,13.66,0.66
6.98,791.0,13.16,0.67
6.62,767.0,12.43,0.69
8.53,737.0,15.33,0.755
3.7,591.0,8.6,0.73
3.5,510.0,9.7,0.52
5.0,560.0,3.33,0.53
6.58,570.0,15.79,0.55
1.77,374.0,9.25,0.51
3.1,607.0,7.86,0.651
4.55,609.0,11.04,0.676
3.56,612.0,8.4,0.692
3.36,615.0,7.8,0.701
4.45,632.0,10.04,0.701
6.05,642.0,13.23,0.711
5.42,637.0,12.11,0.703
4.34,633.0,9.7,0.706
2.47,582.0,5.89,0.72
3.6,617.0,8.33,0.7
5.79,750.0,12.1,0.64
5.43,746.0,10.7,0.68
6.46,762.0,13.0,0.65
6.21,758.0,12.1,0.68
1.72,580.0,4.3,0.69
7.25,861.0,12.2,0.69
6.71,732.0,13.1,0.7
8.78,943.0,13.3,0.7
7.19,745.0,14.0,0.69
7.4,845.0,12.7,0.69
6.76,720.0,13.8,0.68
6.35,630.0,16.8,0.6
4.95,660.0,12.1,0.62
1.04,530.0,3.52,0.534
1.25,580.0,3.94,0.525
1.43,600.0,3.78,0.605
2.08,640.0,5.92,0.526
6.71,676.0,14.12,0.7
5.82,656.0,12.65,0.7
9.03,653.0,19.96,0.694
6.67,612.0,16.13,0.676
1.18,594.0,2.9,0.68
2.7,664.0,5.42,0.75
1.1,660.0,2.36,0.71
0.55,400.0,2.51,0.55
0.71,410.0,2.78,0.62
0.78,430.0,2.89,0.63
3.23,556.7,7.99,0.73
1.31,470.0,4.33,0.65
0.97,450.0,3.48,0.62
2.29,500.0,7.77,0.59
1.03,470.0,3.51,0.63
0.95,480.0,3.18,0.63
0.55,430.0,2.12,0.6
3.5,448.0,10.5,0.58
1.92,760.0,3.4,0.71
2.1,552.0,5.3,0.72
3.1,557.0,7.6,0.73
5.1,626.0,11.2,0.72
6.4,631.0,13.3,0.76
3.6,543.0,9.2,0.72
5.1,666.0,10.0,0.76
6.7,612.0,15.1,0.72
5.9,593.0,15.2,0.66
4.86,674.0,9.71,0.742
5.11,657.0,5.34,0.771
5.19,643.0,3.15,0.783
6.38,707.0,12.52,0.72
7.01,692.0,6.97,0.777
7.21,677.0,4.14,0.785
7.18,728.0,13.73,0.719
7.71,710.0,7.5,0.766
7.92,696.0,4.44,0.781
6.1,604.0,17.76,0.57
5.5,559.0,18.07,0.55
5.11,589.0,14.8,0.59
6.95,688.0,15.3,0.66
7.23,725.0,14.9,0.67
8.18,770.0,16.1,0.66
1.5,681.0,4.2,0.53
3.1,474.0,8.9,0.59
2.0,465.0,6.1,0.55
2.6,452.0,7.6,0.59
6.73,670.0,15.0,0.67
5.61,621.0,13.3,0.68
5.84,641.0,13.6,0.67
6.15,680.0,13.5,0.67
7.06,723.0,14.8,0.66
5.89,633.0,13.9,0.67
6.37,660.0,14.2,0.68
6.52,690.0,14.1,0.67
7.36,743.0,15.0,0.66
7.08,725.0,14.8,0.66
7.03,690.0,15.2,0.67
7.36,744.0,15.0,0.66
8.08,775.0,15.8,0.66
6.88,675.0,15.0,0.68
4.97,696.0,10.5,0.68
3.57,702.0,7.6,0.67
3.5,473.0,13.39,0.53
3.75,480.0,13.64,0.57
2.83,614.0,6.83,0.67
1.96,644.0,4.01,0.76
5.2,520.0,13.9,0.57
4.4,499.0,12.7,0.56
7.47,710.0,18.4,0.57
5.3,650.0,11.9,0.68
5.3,600.0,12.9,0.68
6.62,615.0,14.48,0.74
8.7,650.0,17.7,0.76
7.41,634.0,18.63,0.63
6.58,570.0,15.79,0.55
2.6,660.0,5.55,0.71
3.78,690.0,8.09,0.68
3.13,650.0,7.09,0.68
3.19,630.0,8.15,0.62
2.08,590.0,6.69,0.53
3.36,660.0,7.42,0.68
3.3,650.0,7.58,0.67
3.88,650.0,9.0,0.66
2.83,620.0,7.33,0.63
2.2,590.0,6.44,0.58
4.23,680.0,11.08,0.57
2.35,540.0,6.85,0.64
1.68,500.0,5.38,0.62
2.45,620.0,5.85,0.68
2.07,570.0,5.55,0.65
1.71,590.0,4.4,0.66
1.36,560.0,3.67,0.67
2.69,706.0,6.61,0.58
1.34,483.0,3.5,0.728
2.57,489.0,9.68,0.682
3.75,481.0,10.31,0.698
4.8,442.0,14.95,0.669
4.71,420.0,16.49,0.627
4.74,435.0,17.31,0.58
4.66,423.0,17.75,0.572
4.59,418.0,17.59,0.576
4.21,378.0,17.67,0.581
4.6,446.0,15.9,0.58
3.14,532.1,8.15,0.72
3.29,531.8,8.91,0.69
3.39,545.1,8.95,0.69
5.35,630.0,11.8,0.72
3.8,650.0,8.2,0.71
4.0,480.0,12.3,0.61
4.4,492.0,14.5,0.56
1.46,560.0,4.03,0.64
1.66,580.0,4.39,0.65
2.09,600.0,5.09,0.69
2.17,610.0,5.31,0.67
2.29,600.0,5.4,0.71
3.53,630.0,8.12,0.69
2.65,570.0,6.63,0.7
2.46,570.0,6.36,0.68
2.76,590.0,7.13,0.66
2.65,560.0,6.63,0.7
3.08,600.0,7.68,0.67
3.36,620.0,7.5,0.72
2.03,510.0,6.03,0.65
2.44,520.0,7.72,0.61
2.63,500.0,10.1,0.53
1.0,380.0,3.9,0.67
1.54,400.0,6.98,0.56
1.38,390.0,6.45,0.54
3.23,766.0,6.14,0.69
5.9,770.0,11.1,0.69
4.6,620.0,10.7,0.7
5.46,630.0,14.1,0.63
5.91,670.0,13.9,0.64
5.5,640.0,13.0,0.67
6.5,720.0,13.1,0.69
4.4,720.0,9.4,0.64
2.21,547.0,6.11,0.66
6.04,730.0,11.67,0.7079
3.08,670.0,6.19,0.7409
1.44,600.0,3.64,0.6597
1.96,391.0,9.06,0.55
2.94,530.0,8.42,0.65
2.8,450.0,10.19,0.6
2.63,430.0,10.21,0.59
1.11,610.0,2.45,0.74
0.7,550.0,1.87,0.69
2.11,520.0,5.9,0.68
2.23,520.0,6.76,0.64
4.83,719.0,9.9,0.68
5.55,722.0,11.4,0.68
6.05,738.0,12.0,0.68
6.65,741.0,13.2,0.68
4.8,740.0,9.1,0.71
6.3,720.0,12.5,0.7
7.7,710.0,15.3,0.71
8.63,750.0,18.32,0.628
5.76,779.0,10.7,0.69
6.9,729.0,12.9,0.74
7.15,650.0,16.0,0.69
7.05,820.0,13.09,0.657
4.01,680.0,8.23,0.72
5.33,700.0,10.72,0.71
2.55,600.0,5.46,0.71
3.19,620.0,7.14,0.72
0.58,510.0,1.69,0.67
1.01,530.0,2.6,0.73
9.7,712.0,18.61,0.734
8.9,742.0,16.75,0.715
8.2,713.0,15.69,0.731
8.3,738.0,16.85,0.67
8.5,735.0,16.88,0.682
8.2,731.0,15.6,0.718
9.1,736.0,19.0,0.649
7.2,689.0,15.5,0.677
6.9,703.0,14.1,0.704
8.6,779.0,16.2,0.678
7.7,805.0,12.8,0.748
9.7,891.0,14.7,0.743
8.89,680.0,17.48,0.747
6.46,760.0,12.05,0.68
8.11,780.0,14.89,0.6978
8.64,710.0,16.7,0.73
7.91,701.0,15.84,0.713
8.07,775.0,16.1,0.647
7.53,731.0,17.2,0.6
7.79,743.0,17.0,0.62
2.47,620.0,7.53,0.52
0.8,449.0,2.7,0.67
0.6,449.0,2.1,0.62
3.4,620.0,7.83,0.7
2.54,610.0,6.18,0.69
2.06,750.0,3.67,0.75
2.48,760.0,4.44,0.74
1.61,770.0,3.17,0.66
2.05,750.0,3.82,0.72
8.42,760.0,15.25,0.72
7.17,760.0,14.363,0.68
7.19,720.0,16.08,0.63
0.96,490.0,3.8,0.51
7.8,660.1,2.13,0.796
12.5,809.0,1.84,0.8
7.7,678.0,3.8,0.784
7.6,698.8,7.5,0.769
7.2,713.0,13.34,0.752
5.62,655.0,12.61,0.68
6.4,692.0,13.67,0.676
1.81,550.0,4.72,0.69
3.37,600.0,8.35,0.67
3.72,600.0,9.0,0.69
2.88,560.0,7.86,0.65
2.84,570.0,7.43,0.67
4.02,590.0,10.48,0.65
5.36,660.0,11.75,0.69
3.0,593.0,6.59,0.77
2.5,546.0,6.08,0.75
1.8,545.0,4.34,0.74
6.83,683.0,15.2,0.658
3.13,590.0,6.67,0.79
0.71,480.0,2.06,0.72
4.17,650.0,8.42,0.82
6.92,743.0,14.76,0.625
6.0,684.0,12.3,0.71
4.7,584.0,11.7,0.68
4.1,644.0,9.2,0.7
5.0,574.0,12.35,0.7
0.66,600.0,1.52,0.73
6.36,660.0,15.4,0.62
3.29,650.0,6.92,0.73
5.6,755.0,10.5,0.712
6.9,750.0,13.3,0.698
7.9,739.0,15.0,0.709
8.4,732.0,16.3,0.71
8.8,735.0,16.7,0.715
6.9,742.0,12.6,0.732
5.1,638.0,12.1,0.66
7.1,680.0,14.0,0.74
5.8,642.0,14.8,0.63
6.4,701.0,13.4,0.68
5.3,649.0,13.4,0.61
6.1,685.0,13.3,0.68
4.78,674.0,9.735,0.728
7.43,741.0,13.235,0.758
9.34,697.0,18.438,0.727
10.17,736.0,19.167,0.721
4.97,680.0,10.72,0.69
5.98,720.0,11.92,0.71
0.97,514.57,2.5,0.75
4.4,609.81,10.07,0.72
5.0,633.84,11.43,0.69
4.7,594.0,11.05,0.716
4.4,609.81,10.07,0.72
5.58,639.48,12.18,0.72
3.75,599.44,8.53,0.73
4.3,604.25,9.81,0.73
0.65,520.0,1.17,0.82
2.42,600.0,4.82,0.77
0.65,550.0,1.61,0.74
2.45,610.0,5.19,0.78
3.64,671.0,10.36,0.523
5.77,732.0,13.93,0.566
2.3,592.0,6.47,0.601
7.56,700.0,14.92,0.7243
9.0,740.0,17.1,0.7141
9.19,730.0,17.29,0.7246
7.93,720.0,15.22,0.7266
2.09,570.0,4.88,0.76
1.99,560.0,3.01,0.73
4.1,620.0,10.6,0.62
1.1,530.0,3.6,0.58
2.8,610.0,6.7,0.68
8.79,790.0,15.26,0.7324
8.92,790.0,15.45,0.7307
7.58,760.0,14.07,0.706
3.36,640.0,9.38,0.56
4.48,680.0,10.64,0.62
5.66,720.0,11.56,0.68
2.27,670.0,6.34,0.52
2.58,650.0,7.36,0.54
3.18,640.0,8.72,0.57
3.9,640.0,10.56,0.6
3.35,620.0,9.33,0.58
3.1,600.0,9.2,0.56
2.46,600.0,7.6,0.54
5.24,680.0,12.04,0.64
6.12,700.0,12.86,0.68
3.1,670.0,7.2,0.67
2.3,620.0,5.8,0.65
1.8,620.0,4.3,0.67
5.2,720.0,11.2,0.68
4.0,670.0,9.3,0.64
3.99,645.0,8.1,0.764
7.7,625.0,17.7,0.698
6.1,635.0,12.9,0.746
2.48,495.0,6.91,0.726
2.37,605.0,5.23,0.748
3.4,525.0,9.11,0.698
2.39,615.0,5.22,0.743
2.58,535.0,6.54,0.74
2.24,655.0,4.47,0.765
2.93,565.0,7.34,0.71
5.09,664.0,11.36,0.674
3.4,640.0,8.2,0.65
4.2,630.0,11.0,0.61
4.64,595.0,10.66,0.732
3.04,675.0,5.9,0.763
0.56,550.0,1.73,0.595
2.04,560.0,5.14,0.708
2.26,600.0,5.95,0.632
0.64,550.0,1.83,0.637
4.55,630.0,11.14,0.649
1.22,560.0,3.55,0.619
3.01,660.0,5.92,0.77
3.47,680.0,7.0,0.729
3.62,670.0,6.93,0.78
2.55,640.0,5.2,0.767
5.46,590.0,14.11,0.66
4.67,610.0,10.86,0.71
4.4,640.0,11.5,0.6
4.5,650.0,11.6,0.6
4.9,660.0,11.6,0.64
4.44,560.0,12.13,0.65
5.71,590.0,14.18,0.68
4.54,570.0,11.37,0.7
5.0,670.0,11.7,0.64
4.6,670.0,10.8,0.64
4.6,760.0,9.4,0.64
6.42,701.0,12.79,0.7163
6.3,650.0,13.3,0.73
9.48,765.0,8.52,0.77
9.31,785.0,15.82,0.75
4.56,819.0,7.27,0.76
6.19,810.0,9.94,0.77
8.0,718.0,17.34,0.65
8.35,750.0,16.3,0.67
8.08,750.0,15.66,0.69
4.54,560.0,11.56,0.7
2.61,690.0,6.06,0.63
3.26,770.0,7.37,0.57
3.22,735.0,7.28,0.6
3.28,745.0,6.76,0.65
3.35,740.0,7.27,0.62
3.42,745.0,7.26,0.63
4.44,605.0,10.81,0.68
6.23,710.0,13.76,0.64
6.05,710.0,12.94,0.66
5.59,675.0,12.7,0.65
5.46,685.0,12.23,0.65
5.69,685.0,12.42,0.67
4.26,605.0,11.25,0.63
5.72,705.0,12.56,0.65
6.42,714.0,13.01,0.7
10.27,733.0,19.36,0.73
7.21,797.0,11.73,0.77
7.78,788.0,12.86,0.76
4.54,580.0,1.26,0.62
7.5,700.0,14.8,0.71
5.4,810.0,8.9,0.74
6.6,800.0,11.1,0.74
3.1,820.0,6.0,0.6
6.01,650.0,15.9,0.58
8.02,765.0,15.7,0.668
8.56,760.0,15.64,0.72
7.8,783.0,14.157,0.7
6.4,810.0,10.656,0.74
7.4,790.0,13.064,0.72
7.5,699.0,14.56,0.735
4.53,610.0,10.66,0.69
3.98,620.0,9.41,0.68
3.94,750.0,7.07,0.743
2.93,680.0,6.01,0.718
4.16,710.0,8.01,0.732
3.61,630.0,8.82,0.65
4.46,660.0,9.94,0.68
3.12,620.0,7.06,0.7127
2.12,630.0,4.52,0.7444
1.56,600.0,3.54,0.7335
1.01,590.0,2.46,0.6986
3.55,620.0,7.92,0.7236
8.82,690.0,18.8,0.68
2.1,520.0,6.09,0.67
4.18,690.0,8.17,0.7418
4.79,730.0,9.09,0.7216
5.08,710.0,9.75,0.7344
0.95,493.0,2.8,0.69
1.27,551.0,3.33,0.69
2.22,577.0,5.83,0.66
1.89,568.0,5.56,0.597
6.35,750.0,13.2,0.641
3.3,710.0,7.74,0.6
2.65,720.0,5.74,0.65
2.34,670.0,5.86,0.6
0.81,670.0,2.07,0.58
7.09,713.0,14.36,0.69
4.77,648.0,10.65,0.69
5.92,689.0,12.19,0.7
5.75,610.0,13.1,0.72
7.59,700.0,15.72,0.69
8.75,723.0,17.17,0.7
9.31,705.0,18.23,0.73
2.22,570.0,5.43,0.72
5.51,680.0,11.3,0.71
5.6,640.0,17.11,0.51
5.55,640.0,12.83,0.68
5.8,630.0,13.71,0.67
6.47,640.0,15.59,0.65
9.73,730.0,17.77,0.75
6.97,680.0,14.17,0.72
5.37,579.0,12.94,0.712
9.51,720.0,17.76,0.74
6.7,680.0,14.2,0.69
10.03,720.0,18.82,0.74
5.0,697.0,10.42,0.69
7.1,714.0,14.8,0.67
6.8,712.0,14.27,0.67
4.2,623.0,9.42,0.71
5.5,704.0,12.21,0.64
7.0,722.0,13.99,0.69
6.3,682.0,12.92,0.717
8.1,689.0,17.26,0.681
7.4,685.0,15.51,0.7
5.4,644.0,11.78,0.708
4.1,624.0,9.07,0.727
6.01,680.0,14.27,0.62
4.23,630.0,12.51,0.54
4.38,580.0,12.76,0.59
5.0,600.0,13.61,0.62
9.25,727.0,18.035,0.7061
5.62,668.0,11.389,0.7386
8.31,698.0,16.714,0.7127
9.72,716.0,18.76,0.7229
8.37,676.0,17.432,0.7103
8.77,676.0,17.867,0.726
6.39,662.0,13.719,0.704
5.91,632.0,17.019,0.7212
10.05,710.0,20.397,0.694
8.92,669.0,18.561,0.7183
10.24,707.0,20.587,0.7037
8.94,714.0,18.33,0.6838
5.11,660.0,10.562,0.733
7.83,682.0,15.921,0.7208
6.62,654.0,14.044,0.7311
8.26,678.0,17.019,0.7162
10.06,711.0,19.627,0.7209
6.84,680.0,15.73,0.64
6.54,740.0,12.6,0.7
7.94,702.0,16.22,0.7
9.24,746.0,17.53,0.71
8.92,753.0,17.4,0.68
8.0,693.0,17.9,0.68
8.96,697.0,18.22,0.7
8.77,704.0,18.18,0.69
8.59,698.0,17.6,0.7
2.09,590.0,5.38,0.66
9.05,705.0,18.42,0.7
8.91,711.0,17.9,0.71
9.0,725.0,18.2,0.69
10.45,736.0,20.15,0.71
10.09,740.0,19.97,0.69
1.75,490.0,5.5,0.65
1.06,400.0,4.0,0.66
8.6,725.0,17.07,0.7
8.7,720.0,18.02,0.67
9.1,734.0,17.92,0.7
9.5,700.0,18.79,0.72
9.9,765.0,18.54,0.7
10.1,763.0,18.88,0.71
10.4,773.0,19.01,0.72
6.49,670.0,14.03,0.69
7.13,716.0,14.99,0.66
7.32,694.0,15.6,0.68
8.67,729.0,16.9,0.7
10.9,748.0,20.3,0.72
7.88,676.0,16.59,0.7
8.14,683.0,17.03,0.7
7.88,678.0,16.6,0.7
2.74,540.0,7.57,0.67
7.56,671.0,16.32,0.69
6.87,661.0,15.99,0.65
7.42,679.0,16.06,0.68
7.24,679.0,15.24,0.7
6.02,703.0,12.06,0.71
6.5,731.0,12.07,0.738
5.5,706.0,10.06,0.78
10.3,805.0,17.22,0.741
2.3,700.0,4.2,0.78
3.57,630.0,8.58,0.66
5.08,690.0,10.52,0.7
7.35,700.0,14.43,0.73
5.57,708.0,11.37,0.6913
5.25,660.0,10.9,0.73
3.65,660.0,10.4,0.53
6.25,660.0,13.38,0.71
5.09,660.0,11.02,0.7
3.5,630.0,7.93,0.7
5.99,670.0,12.66,0.71
5.51,660.0,11.99,0.69
3.36,570.0,9.04,0.66
11.9,965.0,17.3,0.71
7.6,772.0,15.0,0.66
9.4,832.0,15.8,0.71
13.07,843.0,1.843,0.841
13.15,896.0,9.177,0.798
12.29,927.0,17.053,0.779
9.5,745.0,1.5,0.82
9.5,805.0,8.0,0.76
8.4,825.0,14.9,0.69
12.2,792.0,1.77,0.809
12.5,862.0,9.57,0.773
12.2,891.0,18.21,0.746
12.5,875.0,1.7,0.77
5.16,650.0,15.89,0.5
2.51,570.0,6.28,0.7
12.7,940.0,9.3,0.74
5.9,710.0,12.6,0.67
8.1,676.0,17.43,0.686
5.5,631.0,12.05,0.721
6.6,634.0,14.87,0.7
1.35,439.0,4.59,0.6715
3.14,525.0,8.19,0.7321
0.92,443.0,3.04,0.6892
2.27,570.0,5.7,0.7
1.28,424.0,4.21,0.7188
7.23,713.0,14.06,0.721
2.57,679.0,5.09,0.743
4.28,651.0,8.79,0.748
2.86,632.0,6.03,0.752
8.04,745.0,15.37,0.702
6.03,720.0,11.59,0.723
5.8,696.0,11.3,0.737
3.64,673.0,7.17,0.755
7.7,829.0,13.54,0.683
4.6,749.0,8.15,0.76
6.6,774.0,12.93,0.657
4.9,689.0,9.88,0.72
6.02,703.0,12.06,0.71
8.45,730.0,15.72,0.74
3.75,650.0,8.6,0.58
7.7,700.0,15.8,0.7
7.7,730.0,15.6,0.68
8.8,780.0,17.3,0.65
10.4,917.0,14.46,0.784
3.13,575.0,7.8,0.7
0.73,530.0,2.26,0.61
1.54,550.0,3.98,0.7
1.75,590.0,4.04,0.74
8.32,755.0,16.42,0.671
9.5,754.0,18.78,0.672
8.28,755.0,16.9,0.649
9.42,742.0,18.54,0.685
6.46,716.0,13.36,0.676
8.72,737.0,18.09,0.654
7.5,723.0,15.66,0.663
9.62,734.0,19.62,0.668
7.17,710.0,14.08,0.7226
10.18,747.0,19.58,0.69
5.21,704.0,12.4,0.6
5.8,661.0,14.1,0.62
6.25,677.0,15.3,0.6
4.91,670.0,12.0,0.61
4.53,622.0,12.2,0.6
4.18,620.0,10.6,0.63
4.64,664.0,11.3,0.62
7.6,774.0,13.48,0.73
7.43,774.0,12.83,0.75
5.59,674.0,12.2,0.67
7.31,699.0,14.47,0.72
6.86,704.0,13.41,0.73
7.31,739.0,14.72,0.67
6.39,680.0,12.9,0.73
6.97,730.0,14.0,0.68
6.66,685.0,13.68,0.71
7.1,734.0,14.97,0.65
6.91,675.0,14.17,0.72
7.36,734.0,15.06,0.67
1.64,438.0,7.28,0.514
0.63,510.0,1.84,0.67
1.48,540.0,4.45,0.61
2.08,540.0,6.2,0.62
2.37,560.0,6.74,0.62
4.01,621.0,10.5,0.61
3.03,590.0,8.38,0.62
3.8,620.0,9.9,0.62
4.83,660.0,11.1,0.66
4.9,700.0,10.6,0.66
6.07,720.0,12.4,0.68
8.64,790.0,16.2,0.67
10.28,741.0,19.52,0.71
10.41,774.0,18.79,0.72
9.02,803.0,16.03,0.7
5.42,645.0,12.0,0.7
6.09,670.0,12.8,0.71
6.14,690.0,12.9,0.69
6.32,705.0,13.2,0.68
5.72,645.0,12.5,0.71
5.59,655.0,12.2,0.7
2.1,635.0,5.0,0.66
5.14,582.0,12.35,0.715
2.5,680.0,5.9,0.62
2.9,685.0,6.8,0.62
3.3,680.0,7.7,0.63
8.55,713.0,16.85,0.712
8.86,712.0,17.62,0.706
9.19,724.0,17.75,0.715
9.34,738.0,17.5,0.723
9.95,699.0,20.02,0.711
10.26,704.0,20.27,0.718
3.05,635.0,6.5,0.74
1.56,518.0,4.05,0.74
3.37,620.0,7.19,0.755
3.82,603.0,8.4,0.755
7.37,674.0,15.51,0.7015
4.22,760.0,10.3,0.54
4.6,650.0,10.6,0.66
6.9,660.0,16.2,0.65
8.25,779.0,16.97,0.625
4.37,579.0,10.037,0.75
2.52,615.0,5.03,0.798
2.48,597.0,2.62,0.8
2.17,549.0,0.47,0.797
12.75,885.0,18.53,0.773
13.15,865.0,9.78,0.795
4.35,486.0,1.14,0.765
4.75,536.0,5.99,0.764
4.84,552.0,11.5,0.751
9.54,688.0,1.83,0.715
9.35,721.0,9.7,0.684
8.9,732.0,18.45,0.657
0.92,540.0,2.53,0.68
6.46,687.0,13.42,0.7004
10.4,917.0,14.44,0.783
6.64,628.0,14.588,0.72
7.22,669.0,15.303,0.71
3.16,558.0,7.371,0.77
4.7,580.0,11.104,0.73
3.6,680.0,8.31,0.63
5.8,700.0,12.61,0.66
2.9,660.0,7.08,0.61
1.4,550.0,4.19,0.6
7.7,720.0,15.74,0.68
8.5,750.0,16.39,0.69
3.0,650.0,7.57,0.61
5.1,680.0,11.9,0.63
2.5,640.0,6.69,0.58
1.1,520.0,3.65,0.58
7.9,730.0,15.91,0.68
5.19,700.0,10.51,0.719
9.12,711.0,17.93,0.7154
10.14,715.0,19.38,0.7296
5.4,625.0,12.56,0.69
7.02,730.0,16.22,0.59
7.34,750.0,16.32,0.6
9.13,746.0,17.11,0.72
9.67,752.0,17.39,0.74
6.07,690.0,13.82,0.64
8.65,713.0,16.48,0.74
9.32,752.0,16.76,0.74
6.2,597.0,16.2,0.638
7.3,670.0,15.85,0.689
7.9,716.0,15.14,0.723
6.2,695.0,14.0,0.64
4.7,711.0,11.4,0.58
4.1,690.0,11.73,0.51
7.3,675.0,15.05,0.693
7.02,736.0,13.89,0.687
6.85,750.0,15.5,0.59
7.15,740.0,15.87,0.61
8.93,760.0,18.61,0.63
5.75,734.0,12.64,0.62
8.0,700.0,16.9,0.68
5.5,775.0,9.8,0.73
7.9,713.0,16.1,0.69
5.25,777.0,8.63,0.63
7.9,650.0,17.2,0.71
7.39,620.0,18.13,0.66
8.24,712.0,17.177,0.6736
8.84,783.0,16.91,0.67
4.53,572.0,11.22,0.706
7.9,650.0,17.2,0.71
8.83,774.0,16.72,0.68
6.4,606.0,14.74,0.716
8.1,710.0,17.95,0.64
6.93,678.0,17.02,0.6007
8.32,728.0,17.48,0.65
8.47,720.0,16.99,0.69
7.88,732.1,16.57,0.65
6.56,730.0,12.59,0.72
7.69,780.0,14.89,0.6318
7.8,728.3,14.71,0.7285
8.0,699.0,16.9,0.68
8.1,710.0,17.95,0.64
7.13,650.0,14.94,0.73
4.2,670.0,11.0,0.627
6.0,700.0,13.3,0.641
4.1,740.0,9.5,0.592
6.1,700.0,13.6,0.636
5.3,720.0,15.0,0.582
7.7,710.0,16.9,0.642
7.0,720.0,14.1,0.691
8.1,720.0,16.0,0.701
5.09,720.0,12.77,0.55
5.8,747.2,10.4,0.7469
7.11,730.0,14.24,0.68
7.56,760.0,15.05,0.66
7.5,725.8,14.8,0.6997
2.01,710.0,5.15,0.68
4.72,710.0,10.01,0.72
5.62,611.0,13.12,0.702
4.47,670.0,9.68,0.71
8.2,730.0,16.81,0.69
8.15,800.0,14.15,0.72
3.98,640.0,10.08,0.593
7.2,810.0,14.55,0.61
8.17,719.0,15.15,0.75
7.02,747.0,15.15,0.62
3.5,727.0,7.01,0.69
1.6,722.0,2.86,0.79
0.74,621.0,1.66,0.72
5.92,710.0,11.63,0.72
5.31,700.0,8.62,0.768
6.25,600.0,9.06,0.7377
5.41,634.0,8.9,0.7691
6.38,601.0,9.33,0.7358
5.88,740.0,9.16,0.7768
6.66,730.0,9.85,0.7217
3.2,579.0,7.61,0.732
3.8,584.0,8.9,0.74
3.4,699.0,6.36,0.757
3.2,720.0,6.8,0.67
4.0,750.0,8.3,0.64
2.7,690.0,6.4,0.59
3.5,730.0,7.3,0.63
1.44,520.0,4.48,0.61
1.26,560.0,3.11,0.72
1.47,550.0,3.87,0.68
8.44,724.0,17.6,0.66
7.84,750.0,16.29,0.64
4.9,740.0,9.5,0.7
4.3,630.0,0.97,0.69
6.3,790.0,10.3,0.77
5.45,650.0,12.67,0.67
6.1,790.0,10.1,0.77
6.3,790.0,10.5,0.76
9.1,760.0,16.1,0.74
8.9,750.0,16.5,0.72
9.12,744.0,17.8,0.69
8.64,710.0,16.7,0.73
5.356,661.0,13.88,0.584
7.51,772.0,14.32,0.68
7.08,750.0,15.4,0.61
6.39,750.0,13.31,0.641
7.2,780.0,13.65,0.676
7.39,620.0,18.13,0.66
9.63,806.0,17.65,0.68
9.2,836.0,14.79,0.746
8.96,730.0,16.74,0.73
5.09,820.0,9.27,0.67
7.89,699.0,18.06,0.625
8.26,754.0,16.68,0.657
5.91,727.0,11.95,0.68
7.26,740.0,15.62,0.62
7.9,750.0,17.47,0.6
10.19,800.0,17.91,0.71
6.57,690.0,12.77,0.75
9.16,750.0,18.44,0.67
7.29,745.0,15.3,0.64
7.24,804.6,12.5,0.7241
4.65,745.0,9.32,0.67
8.57,760.0,16.12,0.7
7.93,770.0,14.65,0.7
7.0,760.0,14.59,0.63
7.25,750.0,13.86,0.7
7.23,780.0,13.84,0.6704
6.52,630.0,11.32,0.738
7.69,620.0,18.7,0.66
7.64,718.0,17.79,0.6
7.86,726.0,16.33,0.66
6.7,756.0,11.95,0.74
6.7,660.0,17.37,0.6
6.7,756.0,11.95,0.74
7.47,689.0,16.1,0.67
7.47,689.0,16.1,0.67
7.93,765.0,14.94,0.69
8.62,665.0,18.6,0.7
7.65,750.0,16.4,0.619
6.16,695.0,14.03,0.63
5.71,650.0,15.24,0.57
8.16,750.0,15.59,0.7
6.16,695.0,14.03,0.63
7.9,692.0,16.8,0.68
7.41,730.0,16.1,0.64
4.37,770.0,8.19,0.69
5.79,760.0,11.48,0.66
7.19,720.0,15.65,0.64
7.23,740.0,14.58,0.67
7.46,720.0,15.04,0.69
8.19,770.0,15.54,0.68
9.27,828.0,15.44,0.725
8.12,727.0,16.18,0.69
8.12,740.0,15.8,0.69
4.86,610.0,14.04,0.57
7.83,804.0,13.91,0.7
4.1,690.0,11.73,0.51
7.47,689.0,16.1,0.67
8.32,730.0,18.0,0.63
7.82,740.0,16.7,0.63
7.82,734.0,16.9,0.63
7.36,760.0,16.4,0.59
7.79,648.0,18.5,0.65
4.41,640.0,9.87,0.69
4.34,650.0,9.44,0.7
4.54,650.0,10.05,0.68
9.19,716.0,1.56,0.78
9.38,760.0,8.21,0.77
9.09,774.0,15.8,0.75
10.2,702.0,1.74,0.79
10.4,746.0,9.22,0.77
9.52,679.0,1.68,0.79
10.1,729.0,9.01,0.78
7.51,639.0,1.42,0.79
8.34,695.0,7.8,0.78
2.03,542.0,7.14,0.52
1.43,504.0,5.1,0.56
2.68,543.0,8.85,0.56
0.97,590.0,2.44,0.68
1.82,657.0,3.87,0.71
2.56,669.0,5.4,0.71
7.67,680.0,15.6,0.73
10.4,640.0,5.0,0.76
10.4,660.0,7.9,0.76
10.3,670.0,11.5,0.74
10.0,720.0,18.2,0.73
9.5,791.0,16.55,0.71
10.25,800.0,17.5,0.73
10.29,799.0,17.6,0.73
9.97,789.0,17.8,0.71
9.74,789.0,17.89,0.69
9.83,783.0,17.29,0.72
10.22,772.0,18.28,0.72
11.18,846.0,17.73,0.75
8.23,740.0,16.57,0.67
6.5,740.0,14.0,0.63
5.5,670.0,13.5,0.61
6.1,730.0,13.5,0.62
8.64,708.0,16.738,0.73
8.4,800.0,15.7,0.67
8.16,750.0,15.59,0.7
6.05,750.0,10.82,0.7457
6.73,740.0,12.67,0.72
7.03,750.0,13.48,0.7
5.47,794.0,9.27,0.74
6.16,769.0,10.97,0.73
7.27,786.0,13.08,0.71
5.98,625.0,13.9,0.688
6.92,626.0,15.79,0.701
4.89,591.0,12.06,0.687
8.15,630.0,19.73,0.656
5.57,590.0,14.28,0.661
6.36,587.0,15.21,0.713
3.46,545.0,9.83,0.646
7.21,600.0,17.11,0.702
3.71,565.0,10.3,0.638
5.55,608.0,12.74,0.717
3.78,557.0,10.12,0.674
7.01,607.0,16.47,0.702
4.28,589.0,11.05,0.658
6.5,740.0,13.4,0.66
7.0,800.0,13.7,0.63
6.3,760.0,12.8,0.65
6.2,700.0,13.2,0.68
3.75,481.0,10.31,0.698
2.57,489.0,9.68,0.682
1.34,483.0,3.5,0.728
8.35,622.0,18.1,0.7379
7.87,730.0,15.92,0.67
7.8,799.0,13.4,0.73
8.67,751.0,17.51,0.66
7.16,700.0,13.54,0.76
7.74,783.0,15.58,0.635
6.98,703.0,14.29,0.673
6.18,672.0,15.43,0.6
7.27,742.0,14.39,0.68
7.59,783.3,13.6,0.7126
8.36,780.0,16.0,0.67
8.97,710.0,17.2,0.72
7.82,620.0,17.5,0.72
6.7,760.0,14.3,0.62
7.83,760.0,16.96,0.61
6.5,720.0,15.15,0.6
7.69,730.0,16.77,0.63
8.15,675.0,18.87,0.64
8.32,710.0,15.87,0.738
9.75,760.0,17.33,0.74
7.3,665.0,16.63,0.66
6.17,667.0,12.47,0.74
6.17,670.0,12.13,0.74
7.83,669.0,19.87,0.59
4.71,420.0,16.49,0.627
5.38,644.0,12.28,0.68
7.35,750.0,14.96,0.66
6.41,740.0,15.17,0.57
8.15,800.0,14.15,0.72
9.02,745.0,17.01,0.71
8.61,720.0,18.41,0.65
6.24,750.0,10.99,0.76
7.38,770.0,14.33,0.67
7.31,731.0,16.28,0.614
6.04,683.0,15.9,0.559
9.42,714.0,19.42,0.68
7.88,750.0,16.65,0.63
6.619,754.0,12.909,0.68
6.32,730.0,13.13,0.66
9.16,750.0,18.44,0.67
9.02,730.0,17.33,0.72
6.97,700.0,14.98,0.67
9.01,769.0,17.43,0.67
2.54,681.0,5.53,0.674
6.22,535.0,19.38,0.61
8.64,710.0,16.7,0.73
7.87,741.0,18.04,0.589
9.32,730.0,18.5,0.69
5.11,741.0,12.32,0.56
5.51,686.0,13.5,0.6
5.61,687.0,13.85,0.58
4.21,378.0,17.67,0.581
4.59,418.0,17.59,0.576
4.66,423.0,17.75,0.572
4.74,435.0,17.31,0.58
4.8,442.0,14.95,0.669
5.36,660.0,15.13,0.54
6.63,678.0,14.22,0.69
7.73,741.0,15.98,0.653
8.5,737.0,16.02,0.72
5.79,771.0,10.89,0.69
7.6,724.0,15.74,0.67
10.21,751.0,20.9,0.65
8.2,741.0,16.56,0.668
7.7,750.0,15.6,0.66
8.02,746.0,15.12,0.71
7.47,689.0,16.1,0.67
6.33,703.0,13.5,0.67
8.03,741.0,15.2,0.71
7.53,734.0,16.0,0.64
8.34,731.0,17.33,0.6579999999999999
9.5,740.0,17.3,0.745
7.46,685.0,15.51,0.702
9.2,720.0,17.7,0.72
8.3,734.0,15.7,0.72
7.7,730.0,14.8,0.71
8.94,669.0,17.57,0.761
5.03,760.0,9.3,0.71
2.26,679.0,24.2,0.69
1.75,742.0,19.1,0.64
2.06,764.0,21.2,0.65
7.8,742.0,14.6,0.719
6.7,726.0,12.95,0.709
6.0,701.0,12.16,0.699
8.32,739.0,15.49,0.72
5.5,740.0,14.2,0.52
6.6,728.0,12.88,0.704
6.65,678.0,14.85,0.66
6.73,666.0,15.2,0.666
7.64,750.0,17.68,0.61
6.14,650.0,14.54,0.65
7.31,710.0,15.37,0.67
6.36,680.0,14.16,0.66
4.1,630.0,9.8,0.66
8.9,660.0,19.0,0.7
7.7,660.0,21.32,0.54
8.42,690.0,18.4,0.664
4.0,799.0,6.84,0.737
6.0,784.0,10.46,0.73
7.5,773.0,13.41,0.724
1.6,520.0,4.28,0.58
2.3,620.0,5.5,0.54
2.7,680.0,5.35,0.6
2.4,680.0,4.68,0.6
1.8,620.0,3.92,0.6
1.6,610.0,3.5,0.6
7.61,707.0,15.08,0.714
9.1,769.0,16.46,0.718
4.83,796.3,8.57,0.707
6.53,763.8,11.98,0.714
7.54,766.3,13.65,0.72
9.0,767.2,16.37,0.717
3.88,777.0,6.77,0.737
5.85,768.0,10.29,0.74
7.18,738.0,13.31,0.731
9.05,730.0,17.13,0.724
8.8,715.82,16.5,0.745
9.0,760.0,16.28,0.73
8.85,730.0,16.85,0.72
8.51,784.0,16.9,0.642
7.83,760.0,16.96,0.61
7.0,814.0,12.0,0.72
5.2,737.0,9.3,0.76
6.15,660.0,14.35,0.65
6.15,660.0,14.35,0.65
7.52,717.0,17.0,0.62
4.2,620.0,9.7,0.69
0.9,500.0,2.3,0.63
9.22,660.0,19.6,0.71
9.07,684.0,19.8,0.67
10.81,700.0,21.61,0.716
10.89,689.0,22.23,0.711
10.92,689.0,21.83,0.726
10.92,691.0,22.11,0.715
6.1,710.0,16.5,0.53
9.37,780.0,17.03,0.7
5.1,690.0,11.6,0.62
8.54,720.0,16.8,0.707
6.89,720.0,13.9,0.688
8.75,720.0,17.33,0.701
9.22,720.0,19.49,0.657
9.22,660.0,19.6,0.71
8.86,720.0,16.92,0.727
6.44,670.0,14.15,0.68
9.16,789.0,15.94,0.73
9.57,777.0,16.81,0.73
8.81,762.0,15.85,0.73
7.6,705.0,16.2,0.67
2.34,432.0,9.4,0.578
2.61,422.0,11.12,0.557
1.7,455.0,2.76,0.567
1.01,410.0,1.97,0.527
7.64,730.0,15.9,0.66
7.33,740.0,15.1,0.66
6.9,660.0,18.13,0.58
6.2,740.0,11.22,0.75
4.6,670.0,11.51,0.7
5.3,708.0,11.28,0.66
10.1,769.0,19.9,0.657
5.5,620.0,13.98,0.63
7.86,740.0,18.0,0.59
10.31,787.0,18.19,0.72
1.99,735.0,3.63,0.75
7.14,787.0,12.27,0.74
9.36,740.0,18.31,0.69
7.03,698.0,15.6,0.62
6.3,698.0,16.77,0.54
5.75,699.0,13.1,0.63
4.3,488.0,16.77,0.57
3.9,800.0,7.2,0.67
8.01,735.0,15.84,0.69
8.44,735.0,16.66,0.69
7.44,750.0,17.44,0.61
7.68,780.0,15.28,0.66
6.49,700.0,14.62,0.61
7.7,780.0,15.3,0.66
5.85,730.0,12.57,0.64
4.11,610.0,10.76,0.63
4.99,460.0,0.05,0.68
5.05,460.0,0.05,0.68
2.77,370.0,0.009,0.541
8.62,665.0,18.6,0.7
6.31,710.0,13.25,0.67
6.4,714.0,14.2,0.63
7.83,669.0,19.87,0.59
7.93,718.0,15.34,0.72
8.07,690.0,16.7,0.7
7.49,730.0,14.66,0.7
5.71,710.0,11.54,0.7
5.67,460.0,0.06,0.69
8.26,740.0,15.9,0.7
7.99,740.0,17.2,0.63
7.15,750.0,14.06,0.67
8.2,730.0,16.81,0.69
8.22,751.0,14.81,0.74
7.8,740.0,16.8,0.63
2.91,730.0,7.52,0.54
4.31,580.0,11.01,0.67
4.83,610.0,11.91,0.66
1.24,500.0,3.83,0.65
3.7,580.0,9.8,0.65
4.73,610.0,12.27,0.63
3.52,590.0,9.83,0.61
4.43,670.0,10.34,0.64
7.58,728.0,14.89,0.7
7.43,915.0,16.04,0.71
5.31,939.0,10.17,0.75
3.1,960.0,6.16,0.53
0.59,540.0,1.61,0.68
2.0,650.0,4.42,0.7
0.87,602.0,2.0,0.72
9.08,725.0,8.02,0.8
8.76,698.0,1.47,0.81
9.1,749.0,7.87,0.79
10.1,761.0,17.9,0.74
7.13,700.0,16.3,0.63
9.81,745.0,17.6,0.75
7.44,684.0,16.9,0.65
8.23,716.0,15.2,0.76
7.73,680.0,16.6,0.68
9.02,745.0,17.01,0.71
8.2,765.0,17.2,0.62
7.91,771.0,16.0,0.641
9.12,744.0,17.8,0.69
9.02,745.0,17.01,0.71
8.52,768.0,16.0,0.695
8.1,772.0,15.8,0.664
7.98,700.0,17.13,0.66
2.77,610.0,6.7,0.68
7.85,720.0,14.89,0.732
9.6,710.0,19.0,0.71
9.8,750.0,18.79,0.7
2.87,583.0,9.29,0.53
9.29,736.0,17.06,0.74
9.38,751.0,16.89,0.74
7.42,730.0,13.9,0.727
1.12,618.0,2.6,0.6
7.95,762.0,17.4,0.6
7.49,730.0,14.66,0.7
7.76,740.0,15.53,0.68
7.29,695.0,17.02,0.6165
9.41,810.0,16.29,0.71
8.09,750.0,15.58,0.692
4.57,692.0,11.39,0.58
7.1,707.0,14.4,0.69
6.4,606.0,14.74,0.716
6.52,650.0,14.33,0.7
7.1,700.0,14.48,0.7
8.64,710.0,16.7,0.73
9.12,744.0,17.8,0.69
7.57,820.0,10.7,0.86
7.56,810.0,11.21,0.83
7.5,730.0,14.8,0.7
7.0,610.0,16.5,0.71
7.49,760.0,15.27,0.65
8.28,720.0,17.86,0.65
7.48,740.0,15.08,0.67
7.05,720.0,16.1,0.61
8.15,675.0,18.87,0.64
7.91,701.0,15.84,0.713
8.31,750.0,16.08,0.67
7.7,675.0,15.4,0.718
7.19,720.0,15.12,0.66
6.3,730.0,13.6,0.63
6.45,690.0,13.42,0.7113
6.74,700.0,13.83,0.7036
7.65,770.0,14.89,0.67
0.61,511.0,2.23,0.52
4.0,660.0,8.9,0.68
2.4,569.0,5.9,0.71
1.9,532.0,4.8,0.74
4.8,673.0,10.7,0.67
5.5,712.0,10.9,0.71
0.73,627.0,1.49,0.782
0.99,671.0,1.93,0.761
6.7,760.0,12.25,0.72
6.07,770.0,10.67,0.74
6.03,700.0,14.22,0.6
7.4,800.0,13.09,0.7
7.17,780.0,14.38,0.64
5.08,642.0,12.33,0.64
7.7,733.0,14.7,0.71
6.2,722.0,11.5,0.75
4.41,610.0,10.28,0.7
3.54,590.0,8.46,0.7
3.43,620.0,8.01,0.7
2.6,610.0,5.78,0.74
5.69,690.0,11.46,0.72
5.0,670.0,10.35,0.72
7.33,777.0,14.87,0.63
6.44,816.0,12.61,0.63
2.4,722.0,4.5,0.73
3.6,724.0,6.7,0.74
3.3,760.0,6.22,0.69
2.5,541.0,6.7,0.7
6.3,779.0,10.8,0.75
5.6,610.0,12.7,0.72
5.8,719.0,10.5,0.76
4.91,642.0,11.26,0.68
5.26,642.0,11.45,0.72
4.67,656.0,10.01,0.71
7.09,723.0,14.43,0.68
8.08,735.0,16.45,0.68
7.47,735.0,15.06,0.68
5.4,670.0,12.91,0.63
4.5,670.0,10.47,0.54
6.18,670.0,14.86,0.62
2.43,640.0,5.73,0.66
7.14,704.0,14.2,0.7141
6.46,723.0,11.78,0.7584
6.12,784.0,9.99,0.782
8.6,677.0,1.49,0.81
8.97,743.0,15.6,0.78
8.79,766.0,15.1,0.76
6.52,733.0,13.7,0.649
6.95,742.0,14.6,0.642
7.64,763.0,15.8,0.634
7.39,710.0,15.6,0.667
4.63,598.0,12.7,0.61
3.54,579.0,10.6,0.58
3.6,580.0,10.7,0.58
2.9,558.0,8.56,0.61
6.15,680.0,13.5,0.67
6.9,725.0,14.0,0.68
6.32,730.0,13.13,0.66
5.74,776.0,10.32,0.716
5.99,640.0,13.0,0.72
7.59,753.0,14.2,0.71
4.43,650.0,10.5,0.65
6.0,657.0,12.46,0.734
5.209,637.0,11.199,0.73
4.483,633.0,9.96,0.711
4.763,654.0,10.08,0.724
5.194,681.0,10.554,0.724
4.91,754.0,7.97,0.817
5.47,766.0,8.99,0.794
7.3,779.0,11.78,0.796
5.64,690.0,11.32,0.72
3.97,650.0,9.15,0.67
4.34,670.0,9.44,0.69
4.03,620.0,9.56,0.68
3.87,630.0,9.14,0.68
2.96,660.0,6.77,0.67
2.79,650.0,6.28,0.68
3.41,650.0,7.87,0.67
3.43,650.0,7.63,0.69
3.46,660.0,7.83,0.67
3.53,660.0,7.83,0.68
4.15,680.0,8.64,0.71
2.0,600.0,4.42,0.74
0.99,600.0,2.98,0.55
1.37,590.0,3.36,0.69
6.36,730.0,13.14,0.66
5.96,760.0,11.22,0.6969
3.2,660.0,6.51,0.7472
1.12,600.0,2.52,0.7407
1.61,600.0,3.51,0.7662
1.64,620.0,3.52,0.74
1.55,560.0,3.76,0.74
2.98,590.0,6.95,0.731
3.12,610.0,6.97,0.738
2.21,472.0,8.67,0.541
1.44,427.0,4.85,0.696
1.51,459.0,4.69,0.7
1.52,476.0,4.47,0.715
3.44,620.0,8.25,0.68
4.44,660.0,10.09,0.66
7.39,740.0,14.56,0.68
9.15,700.0,19.14,0.69
8.79,666.0,17.84,0.74
4.52,651.0,9.93,0.7
6.09,667.0,12.85,0.71
5.65,659.0,12.46,0.69
5.21,641.0,12.37,0.66
